<?xml version="1.0" encoding="utf-8"?>
<LanguageData>
  <VPE_MindControlled.label>정신 지배</VPE_MindControlled.label>
  <VPE_MindControlled.description>초능력으로 인해 정신의 주도권을 빼앗겨서 다른 존재에게 조종당하고 있습니다.</VPE_MindControlled.description>
  <VPE_MindScramble.label>정신적 피로</VPE_MindScramble.label>
  <VPE_MindScramble.description>동시에 두 육체를 조종해서 발생하는 정신적 피로입니다.</VPE_MindScramble.description>
  <VPE_PsychicGuidance.label>초능력 도움</VPE_PsychicGuidance.label>
  <VPE_PsychicGuidance.description>다른 사람이 초능력을 이용해서 도와주고 있습니다.</VPE_PsychicGuidance.description>
  <VPE_PsychicGuide.label>초능력 도우미</VPE_PsychicGuide.label>
  <VPE_PsychicGuide.description>다른 사람을 초능력으로 도와주고 있습니다.</VPE_PsychicGuide.description>
  <VPE_Lucky.label>행운</VPE_Lucky.label>
  <VPE_Lucky.description>공격이 항상 목표물에 명중하고 적의 공격에 명중당하지 않도록 운명이 변화하였습니다.</VPE_Lucky.description>
  <VPE_UnLucky.label>불운</VPE_UnLucky.label>
  <VPE_UnLucky.description>공격이 항상 빗나가고 적의 공격이 항상 명중하도록 운명이 변화하였습니다.</VPE_UnLucky.description>
  <VPE_Recharge.label>재충전</VPE_Recharge.label>
  <VPE_Recharge.description>전력이 근처 축전지에 전달되고 있습니다.</VPE_Recharge.description>
  <VPE_Vortex.label>전자 폭풍에 휘말림</VPE_Vortex.label>
  <VPE_Vortex.description>전자 폭풍으로 인해 움직이기가 어렵습니다.</VPE_Vortex.description>
  <VPE_Hurricane.label>허리케인에 휘말림</VPE_Hurricane.label>
  <VPE_Hurricane.description>허리케인으로 인해 이동 및 시야 확보가 어려운 상태입니다.</VPE_Hurricane.description>
  <VPE_Bliss.label>행복함</VPE_Bliss.label>
  <VPE_Bliss.description>마음의 평화를 가져오고 의식을 낮추는 초능력이 내면 깊숙히 퍼져있습니다.</VPE_Bliss.description>
  <VPE_AgeSickness.label>노화 후유증</VPE_AgeSickness.label>
  <VPE_AgeSickness.description>급격한 노화로 인해 일시적으로 조작과 의식이 크게 감소되었습니다.</VPE_AgeSickness.description>
  <VPE_PsychicDrone.label>초능력 드론</VPE_PsychicDrone.label>
  <VPE_PsychicDrone.description>지역 안에 있는 인간형 개체 중 적대적인 개체들에게 수시로 광란을 거는 드론입니다.</VPE_PsychicDrone.description>
  <VPE_IceShield.label>얼음 보호막</VPE_IceShield.label>
  <VPE_IceShield.description>한기로 이루어진 보호막. 근접 공격자들을 저체온증에 빠지게 합니다.</VPE_IceShield.description>
  <VPE_FrostRay.label>서리 광선</VPE_FrostRay.label>
  <VPE_FrostRay.description>광선에 맞은 대상을 심하게 손상시키고 얼어붙게 만듭니다.</VPE_FrostRay.description>
  <VPE_IceBlock.label>동결된 개체</VPE_IceBlock.label>
  <VPE_IceBlock.description>이 개체는 완전히 얼어붙었으며 얼음 덩어리가 녹기 전까지 움직일 수 없습니다.</VPE_IceBlock.description>
  <VPE_BlizzardSource.label>눈보라 시전 중</VPE_BlizzardSource.label>
  <VPE_BlizzardSource.description>이 개체는 눈보라를 일으키고 있습니다.</VPE_BlizzardSource.description>
  <VPE_Blizzard.label>눈보라에 휘말림</VPE_Blizzard.label>
  <VPE_Blizzard.description>눈이 많이 내리는 거대한 바람에 휘말려 시야와 조작 및 이동이 저하되었습니다</VPE_Blizzard.description>
  <VPE_Haywire.label>해킹됨</VPE_Haywire.label>
  <VPE_Haywire.description>피아 식별을 방해하는 해킹 프로그램에 당했습니다.</VPE_Haywire.description>
  <VPE_InfinitePower.label>전원 공급됨</VPE_InfinitePower.label>
  <VPE_InfinitePower.description>해당 구조물에 무한한 전력이 공급되고 있습니다.</VPE_InfinitePower.description>
  <VPE_AnimalOvershield.label>동물 보호막</VPE_AnimalOvershield.label>
  <VPE_AnimalOvershield.description>원거리 공격으로부터 보호받고 있습니다.</VPE_AnimalOvershield.description>
  <VPE_Smartbuzz.label>초능력적 학습</VPE_Smartbuzz.label>
  <VPE_Smartbuzz.description>초능력으로 인해 발생한 명료함과 호기심. 연구 속도와 기술 습득 속도가 향상됩니다.</VPE_Smartbuzz.description>
  <VPE_Essence.label>다른 사람의 정수를 가지고 있음: </VPE_Essence.label>
  <VPE_Essence.description>이 동물은 다른 사람의 정수를 보유하고 있습니다.</VPE_Essence.description>
  <VPE_Darkvision.label>암흑 시야</VPE_Darkvision.label>
  <VPE_Darkvision.description>어둠과 그림자를 통해 앞을 볼 수 있게 만드는 초능력입니다.</VPE_Darkvision.description>
  <VPE_Darkvision_Display.label>암흑 시야</VPE_Darkvision_Display.label>
  <VPE_Darkvision_Display.description>초능력으로 인해 야간에서도 잘 볼 수 있게 되었습니다.</VPE_Darkvision_Display.description>
  <VPE_Productivity.label>초능력 생산성</VPE_Productivity.label>
  <VPE_Productivity.description>초능력으로 인해 작업 속도가 향상되었습니다.</VPE_Productivity.description>
  <VPE_PsychicSoothe.label>초능력 안정</VPE_PsychicSoothe.label>
  <VPE_PsychicSoothe.description>초능력으로 인해 일시적으로 기분이 향상되었습니다.</VPE_PsychicSoothe.description>
  <VPE_GroupLink.label>집단 연결</VPE_GroupLink.label>
  <VPE_GroupLink.description>여러 정착민이 초능력으로 서로 연결되어 있습니다. 초능력 중 '단어' 계열 초능력은 연결된 개인에게 모두 적용됩니다.</VPE_GroupLink.description>
  <VPE_PsychicPain.label>초능력 고통</VPE_PsychicPain.label>
  <VPE_PsychicPain.description>초능력으로 인해 극도의 고통을 받고 있습니다.</VPE_PsychicPain.description>
  <VPE_Protection.label>초능력 보호</VPE_Protection.label>
  <VPE_Protection.description>초능력으로 인해 받는 피해가 감소되었습니다.</VPE_Protection.description>
  <VPE_Hallucination.label>환각</VPE_Hallucination.label>
  <VPE_Hallucination.description>초능력으로 대상자의 시각 정보를 재구성해서 사치스러운 장소에서 일상 생활을 한다고 믿게 만듭니다.</VPE_Hallucination.description>
  <VPE_Liferot.label>부패</VPE_Liferot.label>
  <VPE_Liferot.description>초능력으로 인해 발생한 대량 괴사. 희생자의 건강한 사지와 장기가 썩게 만듭니다.</VPE_Liferot.description>
  <VPE_Rot.label>썩음</VPE_Rot.label>
  <VPE_Rot.labelNoun>썩음</VPE_Rot.labelNoun>
  <VPE_Rot.description>썩었습니다.</VPE_Rot.description>
  <VPE_Rot.comps.1.labelTendedWell>붕대 감김</VPE_Rot.comps.1.labelTendedWell>
  <VPE_Rot.comps.1.labelTendedWellInner>회복 중</VPE_Rot.comps.1.labelTendedWellInner>
  <VPE_Rot.comps.1.labelSolidTendedWell>회복 중</VPE_Rot.comps.1.labelSolidTendedWell>
  <VPE_Rot.injuryProps.destroyedLabel>썩어서 떨어져 나감</VPE_Rot.injuryProps.destroyedLabel>
  <VPE_Rot.injuryProps.destroyedOutLabel>썩어서 떨어져 나감</VPE_Rot.injuryProps.destroyedOutLabel>
  <VPE_GainedVitality.label>넘치는 생명력</VPE_GainedVitality.label>
  <VPE_GainedVitality.description>다른 사람에게 생명력을 빼앗았습니다.</VPE_GainedVitality.description>
  <VPE_LostVitality.label>생명력 부족</VPE_LostVitality.label>
  <VPE_LostVitality.description>다른 사람이 생명력을 훔쳐가서 허약해졌습니다.</VPE_LostVitality.description>
  <VPE_Ghostwalk.label>유령걸음</VPE_Ghostwalk.label>
  <VPE_Ghostwalk.description>초능력으로 인해 물질이 위상화되었습니다.</VPE_Ghostwalk.description>
  <VPE_CorpseTalk.label>유령과 대화중</VPE_CorpseTalk.label>
  <VPE_CorpseTalk.description>사망한 자의 영혼과 정신적으로 연결되었습니다.</VPE_CorpseTalk.description>
  <VPE_BodiesConsumed.label>흡수한 시체</VPE_BodiesConsumed.label>
  <VPE_BodiesConsumed.description>시체 흡수 초능력을 이용해서 흡수한 시체의 양입니다. 시체를 소모할때마다 최대 신경열이 1씩 상승합니다.</VPE_BodiesConsumed.description>
  <VPE_DeathShield.label>죽음의 방패</VPE_DeathShield.label>
  <VPE_DeathShield.description>하루동안 지속되는 정신적 불사입니다.</VPE_DeathShield.description>
  <VPE_Obscured.label>가려짐</VPE_Obscured.label>
  <VPE_Obscured.description>초능력으로 유발된 투명화입니다.</VPE_Obscured.description>
  <VPE_Shadowfocus.label>그림자 정신집중</VPE_Shadowfocus.label>
  <VPE_Shadowfocus.description>초능력자 주위의 빛에 반비례해서 정신 민감도 증가.</VPE_Shadowfocus.description>
  <VPE_NoPain.label>통각 없음</VPE_NoPain.label>
  <VPE_NoPain.description>이 존재는 통증에 둔감하며 통증으로 인해 쓰러지는데 더 오랜 시간이 필요합니다.</VPE_NoPain.description>
  <VPE_Healing.label>초능력 치유</VPE_Healing.label>
  <VPE_Healing.description>초능력으로 인해 자연 치유력이 증폭되었습니다.</VPE_Healing.description>
  <VPE_BlockBleeding.label>초능력 진정</VPE_BlockBleeding.label>
  <VPE_BlockBleeding.description>초능력으로 인해 출혈이 정지되었습니다.</VPE_BlockBleeding.description>
  <VPE_Immunity.label>초능력 면역력</VPE_Immunity.label>
  <VPE_Immunity.description>초능력으로 인해 면역력이 향상되었습니다.</VPE_Immunity.description>
  <VPE_Overshield.label>초능력 보호막</VPE_Overshield.label>
  <VPE_Overshield.description>초능력으로 생성된 개인용 보호막. 원거리 투사체를 막아줍니다.</VPE_Overshield.description>
  <VPE_GuardianSkipBarrier.label>수호 보호막</VPE_GuardianSkipBarrier.label>
  <VPE_GuardianSkipBarrier.description>스스로를 유지하기 위해 대량의 신경열을 발생시키는 초능력 방어막입니다.</VPE_GuardianSkipBarrier.description>
  <VPE_RegrowLimbs.label>초능력 재생</VPE_RegrowLimbs.label>
  <VPE_RegrowLimbs.description>열린 상처를 닫고 누락된 신체 부위를 재생시키는 초능력 재생입니다.</VPE_RegrowLimbs.description>
  <VPE_Regenerating.label>재생 중</VPE_Regenerating.label>
  <VPE_Regenerating.description>상처가 재생되는 중입니다.</VPE_Regenerating.description>
  <VPE_Regenerating.injuryProps.destroyedLabel>파괴됨</VPE_Regenerating.injuryProps.destroyedLabel>
  <VPE_PsycastAbilityImplant.label>초능력 비용 감소</VPE_PsycastAbilityImplant.label>
  <VPE_PsycastAbilityImplant.description>사기꾼은 사라져라!</VPE_PsycastAbilityImplant.description>
  <VPE_FireShield.label>화염 보호막</VPE_FireShield.label>
  <VPE_FireShield.description>화염으로 이루어진 보호막. 근접 공격자들을 불태웁니다.</VPE_FireShield.description>
  <VPE_StaticAura.label>정전기 보호막</VPE_StaticAura.label>
  <VPE_StaticAura.description>정전기로 이루어진 보호막이 주위의 모든 것들에 EMP 피해를 입힙니다.</VPE_StaticAura.description>
  <VPE_SpeedBoost.label>초능력 민첩함</VPE_SpeedBoost.label>
  <VPE_SpeedBoost.description>초능력으로 유발된 민첩성 증가로 이동속도가 크게 빨라집니다.</VPE_SpeedBoost.description>
  <VPE_BladeFocus.label>격투 향상</VPE_BladeFocus.label>
  <VPE_BladeFocus.description>초능력으로 인해 근접 전투 능력이 크게 향상되었습니다.</VPE_BladeFocus.description>
  <VPE_FiringFocus.label>사격 향상</VPE_FiringFocus.label>
  <VPE_FiringFocus.description>초능력으로 인해 원거리 전투 능력이 크게 향상되었습니다.</VPE_FiringFocus.description>
  <VPE_AdrenalineRush.label>아드레날린 촉진</VPE_AdrenalineRush.label>
  <VPE_AdrenalineRush.description>초능력으로 인해 시력, 청력 및 운동 능력이 향상되었습니다.</VPE_AdrenalineRush.description>
  <VPE_ControlledFrenzy.label>초능력 광란</VPE_ControlledFrenzy.label>
  <VPE_ControlledFrenzy.description>초능력으로 인해 일시적으로 발생한 광란입니다. 연속 처치에 성공할때마다 지속시간이 연장되며 신경열이 회복됩니다.</VPE_ControlledFrenzy.description>
  <VPE_GuidedShot.label>유도 사격</VPE_GuidedShot.label>
  <VPE_GuidedShot.description>초능력으로 인해 정확도가 엄청나게 상승하였습니다.</VPE_GuidedShot.description>
</LanguageData>