<?xml version="1.0" encoding="utf-8"?>
<LanguageData>
  <VPE_Wander_Sad.label>방황 (슬픔)</VPE_Wander_Sad.label>
  <VPE_Wander_Sad.recoveryMessage>{0}의 정신이 제자리를 찾았습니다.</VPE_Wander_Sad.recoveryMessage>
  <VPE_Wander_Sad.beginLetterLabel>방황 (슬픔)</VPE_Wander_Sad.beginLetterLabel>
  <VPE_Wander_Sad.beginLetter>{0}이(가) 슬픔에 빠져 정신을 잃고 방황하고 있습니다.</VPE_Wander_Sad.beginLetter>
  <VPE_Wander_Sad.baseInspectLine>상태: 방황 (슬픔)</VPE_Wander_Sad.baseInspectLine>
  <VPE_ManhunterTerritorial.label>침입자 사냥</VPE_ManhunterTerritorial.label>
  <VPE_ManhunterTerritorial.beginLetter>{0}이(가) 주변의 침입자들을 사냥하고 있습니다!</VPE_ManhunterTerritorial.beginLetter>
  <VPE_ManhunterTerritorial.recoveryMessage>{0}의 방어 행동이 종료되었습니다.</VPE_ManhunterTerritorial.recoveryMessage>
  <VPE_ManhunterTerritorial.baseInspectLine>분노: 침입자 사냥</VPE_ManhunterTerritorial.baseInspectLine>
  <VPE_Manhunter.label>광란</VPE_Manhunter.label>
  <VPE_Manhunter.beginLetter>{0}의 분노가 폭발했습니다.</VPE_Manhunter.beginLetter>
  <VPE_Manhunter.recoveryMessage>{0}의 광란이 끝을 고했습니다.</VPE_Manhunter.recoveryMessage>
  <VPE_Manhunter.baseInspectLine>분노함</VPE_Manhunter.baseInspectLine>
  <VPE_Flee.label>도주</VPE_Flee.label>
  <VPE_Flee.beginLetterLabel>도주</VPE_Flee.beginLetterLabel>
  <VPE_Flee.beginLetter>{0}가 겁에 질려 달아나고 있습니다.</VPE_Flee.beginLetter>
  <VPE_Flee.recoveryMessage>{0}가 진정했습니다.</VPE_Flee.recoveryMessage>
  <VPE_Flee.baseInspectLine>상태: 도주</VPE_Flee.baseInspectLine>
</LanguageData>