<?xml version="1.0" encoding="utf-8"?>
<LanguageData>
  <VPE_RockConstructBody.label>돌 골렘</VPE_RockConstructBody.label>
  <VPE_RockConstructBody.corePart.parts.1.customLabel>돌 몸체</VPE_RockConstructBody.corePart.parts.1.customLabel>
  <VPE_MetalConstructBody.label>강철 골렘</VPE_MetalConstructBody.label>
  <VPE_MetalConstructBody.corePart.parts.1.customLabel>강철 몸체</VPE_MetalConstructBody.corePart.parts.1.customLabel>
  <VPE_SkeletalBody.label>해골</VPE_SkeletalBody.label>
</LanguageData>