<?xml version="1.0" encoding="utf-8"?>
<LanguageData>
  <VPE_Make_EltexRobe.label>엘텍스 로브 제작</VPE_Make_EltexRobe.label>
  <VPE_Make_EltexRobe.description>엘텍스 로브를 제작합니다.</VPE_Make_EltexRobe.description>
  <VPE_Make_EltexRobe.jobString>엘텍스 로브를 제작하는 중.</VPE_Make_EltexRobe.jobString>
  <VPE_Make_EltexMask.label>엘텍스 가면 제작</VPE_Make_EltexMask.label>
  <VPE_Make_EltexMask.description>엘텍스 가면을 제작합니다.</VPE_Make_EltexMask.description>
  <VPE_Make_EltexMask.jobString>엘텍스 가면을 제작하는 중.</VPE_Make_EltexMask.jobString>
  <VPE_Make_EltexCape.label>엘텍스 망토 제작</VPE_Make_EltexCape.label>
  <VPE_Make_EltexCape.description>엘텍스 망토를 제작합니다.</VPE_Make_EltexCape.description>
  <VPE_Make_EltexCape.jobString>엘텍스 망토를 제작하는 중.</VPE_Make_EltexCape.jobString>
  <VPE_Make_EltexVest.label>엘텍스 재킷 제작</VPE_Make_EltexVest.label>
  <VPE_Make_EltexVest.description>엘텍스 재킷을 제작합니다.</VPE_Make_EltexVest.description>
  <VPE_Make_EltexVest.jobString>엘텍스 재킷을 제작하는 중.</VPE_Make_EltexVest.jobString>
  <VPE_Make_EltexShirt.label>엘텍스 셔츠 제작</VPE_Make_EltexShirt.label>
  <VPE_Make_EltexShirt.description>엘텍스 셔츠를 제작합니다.</VPE_Make_EltexShirt.description>
  <VPE_Make_EltexShirt.jobString>엘텍스 셔츠를 제작하는 중.</VPE_Make_EltexShirt.jobString>
  <VPE_Make_EltexStaff.label>엘텍스 지팡이 제작</VPE_Make_EltexStaff.label>
  <VPE_Make_EltexStaff.description>엘텍스 지팡이를 제작합니다.</VPE_Make_EltexStaff.description>
  <VPE_Make_EltexStaff.jobString>엘텍스 지팡이를 제작하는 중.</VPE_Make_EltexStaff.jobString>
  <VPE_Make_EltexHelmet.label>엘텍스 헬멧 제작</VPE_Make_EltexHelmet.label>
  <VPE_Make_EltexHelmet.description>엘텍스 헬멧을 제작합니다.</VPE_Make_EltexHelmet.description>
  <VPE_Make_EltexHelmet.jobString>엘텍스 헬멧을 제작하는 중.</VPE_Make_EltexHelmet.jobString>
  <VPE_Make_EltexSkullcap.label>엘텍스 해골모 제작</VPE_Make_EltexSkullcap.label>
  <VPE_Make_EltexSkullcap.description>엘텍스 해골모를 제작합니다.</VPE_Make_EltexSkullcap.description>
  <VPE_Make_EltexSkullcap.jobString>엘텍스 해골모를 제작하는 중.</VPE_Make_EltexSkullcap.jobString>
</LanguageData>