<?xml version="1.0" encoding="utf-8"?>
<LanguageData>
  <VPE_EltexMeteor.questNameRules.rulesStrings.0>questName->엘텍스 운석</VPE_EltexMeteor.questNameRules.rulesStrings.0>
  <VPE_EltexMeteor.questDescriptionRules.rulesStrings.0>questDescription->대한 운석이 근처 지역에 떨어졌습니다. 그 거대한 엘텍스 덩어리를 이용해 초능력 보조 장비를 제작하거나 작위를 얻기 위해 제국에 판매할 수 있습니다. 광부들을 보내 그 운석을 캐오게 시킬 수 있지만 너무 오랜 시간동안 방치한다면 다른 세력이 그 운석을 채굴해서 가져갈 것 입니다.</VPE_EltexMeteor.questDescriptionRules.rulesStrings.0>
  <VPE_EltexMeteor.root.nodes.6.name>남은 시간</VPE_EltexMeteor.root.nodes.6.name>
  <VPE_EltexMeteor.root.nodes.7.node.nodes.0.label>퀘스트 만료: [resolvedQuestName]</VPE_EltexMeteor.root.nodes.7.node.nodes.0.label>
  <VPE_EltexMeteor.root.nodes.7.node.nodes.0.text>다른 사람들이 엘텍스 유성을 채굴해갔습니다. [resolvedQuestName] 퀘스트가 만료되었습니다.</VPE_EltexMeteor.root.nodes.7.node.nodes.0.text>
</LanguageData>