<?xml version="1.0" encoding="utf-8"?>
<LanguageData>
  <VPE_RaidPause.label>습격 정지됨</VPE_RaidPause.label>
  <VPE_RaidPause.description>시간조작자가 습격을 일시 정지시켰습니다.</VPE_RaidPause.description>
  <VPE_TimeQuake.label>시간 지진</VPE_TimeQuake.label>
  <VPE_TimeQuake.description>일시적으로 대규모 교란이 일어났습니다.</VPE_TimeQuake.description>
  <VPE_Hurricane.label>허리케인이 발생함</VPE_Hurricane.label>
  <VPE_Hurricane.description>어떤 뇌제가 허리케인을 만들어서 유지시키고 있습니다.</VPE_Hurricane.description>
  <VPE_PsychicFlashstorm.label>섬광폭풍</VPE_PsychicFlashstorm.label>
  <VPE_PsychicFlashstorm.description>기괴한 폭풍이 국지적 규모로 번개를 미친듯이 쏟아내고 있습니다.</VPE_PsychicFlashstorm.description>
  <VPE_PsychicFlashstorm.endMessage>섬광폭풍이 끝났습니다.</VPE_PsychicFlashstorm.endMessage>
  <VPE_PsychicFlashstorm.letterText>기괴한 섬광폭풍이 국지적 규모로 번개를 쏟아내고 있습니다. 대규모 화재에 주의하십시오.</VPE_PsychicFlashstorm.letterText>
  <VPE_IntenseShadows.label>증폭된 그림자</VPE_IntenseShadows.label>
  <VPE_IntenseShadows.description>text.todo(원문이 이럼)</VPE_IntenseShadows.description>
  <VPE_IntenseShadows.endMessage>그림자가 원래 상태로 돌아갔습니다.</VPE_IntenseShadows.endMessage>
</LanguageData>