<?xml version="1.0" encoding="utf-8"?>
<LanguageData>
  <VPE_Skipdoor.label>차원문</VPE_Skipdoor.label>
  <VPE_Skipdoor.description>공간 네트워크와 연결된 출입구입니다.</VPE_Skipdoor.description>
  <VPE_IceCrystal.label>얼음 결정</VPE_IceCrystal.label>
  <VPE_IceCrystal.description>방의 온도를 낮춰주는 작은 얼음 결정입니다. 임시 냉동고를 만들기 위해 사용할 수 있습니다.</VPE_IceCrystal.description>
  <VPE_IceWall.label>얼음 벽</VPE_IceWall.label>
  <VPE_IceWall.description>얼음으로 만들어진 깨지기 쉬운 벽입니다. 열이 가해지면 녹습니다.</VPE_IceWall.description>
  <VPE_FireBeam.label>화염 폭격</VPE_FireBeam.label>
  <VPE_FireTornado.label>화재 선풍</VPE_FireTornado.label>
  <VPE_Vortex.label>전자 폭풍</VPE_Vortex.label>
  <VPE_HurricaneMaker.label>허리케인 제작자</VPE_HurricaneMaker.label>
  <VPE_TimeSphere.label>시간 가속 구체</VPE_TimeSphere.label>
  <VPE_SkyChanger.label>sky changer</VPE_SkyChanger.label>
  <VPE_BrambleSpawner.label>떠오르는 중</VPE_BrambleSpawner.label>
  <VPE_WildPlantSpawner.label>떠오르는 중</VPE_WildPlantSpawner.label>
  <VPE_TreeSpawner.label>떠오르는 중</VPE_TreeSpawner.label>
  <VPE_Shrineshield_Small.label>작은 성소 보호막</VPE_Shrineshield_Small.label>
  <VPE_Shrineshield_Large.label>거대한 성소 보호막</VPE_Shrineshield_Large.label>
  <VPE_Darkness.label>어둠의 보주</VPE_Darkness.label>
  <VPE_Decoy.label>환영</VPE_Decoy.label>
  <VPE_Flameball.label>화염구</VPE_Flameball.label>
  <VPE_Flameball.description>화염술사가 발사한 화염구입니다.</VPE_Flameball.description>
  <VPE_EyeBlast.label>시선 폭발</VPE_EyeBlast.label>
  <VPE_Bolt.label>화살</VPE_Bolt.label>
  <VPE_Bolt.description>뇌제가 발사한 화살입니다.</VPE_Bolt.description>
  <VPE_ChainBolt.label>연쇄 번개 화살</VPE_ChainBolt.label>
  <VPE_BallLightning.label>번개 구체</VPE_BallLightning.label>
  <VPE_IceSpike.label>얼음 창</VPE_IceSpike.label>
  <VPE_IceSpike.description>얼음술사가 발사한 얼음 창입니다.</VPE_IceSpike.description>
  <VPE_FrostRay.label>서리 광선</VPE_FrostRay.label>
  <VPE_SmallMeteorite_Incoming.label>작은 운석</VPE_SmallMeteorite_Incoming.label>
  <VPE_SoulFromSky.label>영혼</VPE_SoulFromSky.label>
  <VPE_EltexOre.label>엘텍스 광석</VPE_EltexOre.label>
  <VPE_EltexOre.description>엘텍스가 포함된 암석입니다.</VPE_EltexOre.description>
  <VPE_Eltex.label>엘텍스</VPE_Eltex.label>
  <VPE_Eltex.description>극단적인 세계와 초능력자들의 물리적 연결을 도와주는 극도로 희귀하고 신비로운 광물입니다. 초능력은 초월공학자로부터 시작되었기에 일부 학자들은 이 광물을 초월공학자가 제조하였거나 이 광물을 사용해서 초월공학을 개발하였다고 추측합니다.</VPE_Eltex.description>
  <VPE_Apparel_EltexMask.label>엘텍스 가면</VPE_Apparel_EltexMask.label>
  <VPE_Apparel_EltexMask.description>초능력 에너지를 발산하는 예술적이고 인상적인 가면입니다. 착용자의 얼굴을 가리지만 물리적인 보호는 거의 제공하지 않습니다. 특수 소재로 이루어져 있어 착용자의 정신 감응력을 향상시키고 신경열을 분산시켜줍니다.</VPE_Apparel_EltexMask.description>
  <VPE_Apparel_EltexCape.label>엘텍스 망토</VPE_Apparel_EltexCape.label>
  <VPE_Apparel_EltexCape.description>신비로운 디자인의 긴 망토. 몸통 한쪽에 매달려 있습니다. 특수 소재로 이루어져 착용자의 정신 감응력을 향상시키고 신경열을 분산시켜줍니다.</VPE_Apparel_EltexCape.description>
  <VPE_Apparel_PlateArmorPrestige.label>위신 판금 갑옷</VPE_Apparel_PlateArmorPrestige.label>
  <VPE_Apparel_PlateArmorPrestige.description>목부터 발끝까지 온 몸을 감싸는 단단한 갑옷입니다.\n\n 매우 값비싸고 아름다운 이 명품 갑옷은 보통 높은 지위를 가진 이들을 위해 만들어집니다. 내장된 엘텍스 원단이 사용자의 정신 감응력을 향상시킵니다.</VPE_Apparel_PlateArmorPrestige.description>
  <VPE_Psyring.label>초능력 반지</VPE_Psyring.label>
  <VPE_Psyring.description>숙련된 기계술사가 만든 엘텍스 반지입니다. 특정 초능력 하나에 대한 정보가 기록되어 있으며 이 반지를 착용하면 해당 초능력을 사용할 수 있게 됩니다.</VPE_Psyring.description>
  <VPE_Filth_Metal.label>금속 잔해</VPE_Filth_Metal.label>
  <VPE_Filth_Rock.label>바위 잔해</VPE_Filth_Rock.label>
  <VPE_MeleeWeapon_EltexDagger.label>엘텍스 단검</VPE_MeleeWeapon_EltexDagger.label>
  <VPE_MeleeWeapon_EltexDagger.description>초능력 증폭 재료가 박힌 중세 느낌의 단검. 사용자의 정신 감응력을 향상시키면서 신경열 분산을 돕는 동시에 칼과 같은 형상을 띄기에 훌륭한 근접 무기로도 사용할 수 있습니다.</VPE_MeleeWeapon_EltexDagger.description>
  <VPE_MeleeWeapon_EltexDagger.tools.0.label>손잡이</VPE_MeleeWeapon_EltexDagger.tools.0.label>
  <VPE_MeleeWeapon_EltexDagger.tools.1.label>칼날</VPE_MeleeWeapon_EltexDagger.tools.1.label>
  <VPE_MeleeWeapon_EltexDagger.tools.2.label>칼끝</VPE_MeleeWeapon_EltexDagger.tools.2.label>
  <VPE_MeleeWeapon_EltexMace.label>엘텍스 곤봉</VPE_MeleeWeapon_EltexMace.label>
  <VPE_MeleeWeapon_EltexMace.description>초능력 증폭 재료로 만들어진 중세 느낌의 철퇴. 사용자의 정신 감응력을 향상시키면서 신경열 분산을 돕는 동시에 효율적인 휘두르기와 치명적인 충격을 가하기 위해 설계된 훌륭한 근접 무기로도 사용할 수 있습니다.</VPE_MeleeWeapon_EltexMace.description>
  <VPE_MeleeWeapon_EltexMace.tools.0.label>손잡이</VPE_MeleeWeapon_EltexMace.tools.0.label>
  <VPE_MeleeWeapon_EltexMace.tools.1.label>머리</VPE_MeleeWeapon_EltexMace.tools.1.label>
  <VPE_MeleeWeapon_EltexSword.label>엘텍스 검</VPE_MeleeWeapon_EltexSword.label>
  <VPE_MeleeWeapon_EltexSword.description>초능력 증폭 재료로 만들어진 중세 느낌의 검. 사용자의 정신 감응력을 향상시키면서 신경열 분산을 돕는 동시에 훌륭한 근접 무기로도 사용할 수 있습니다. 찌르거나 베는 데 좋습니다.</VPE_MeleeWeapon_EltexSword.description>
  <VPE_MeleeWeapon_EltexSword.tools.0.label>손잡이</VPE_MeleeWeapon_EltexSword.tools.0.label>
  <VPE_MeleeWeapon_EltexSword.tools.1.label>칼끝</VPE_MeleeWeapon_EltexSword.tools.1.label>
  <VPE_MeleeWeapon_EltexSword.tools.2.label>칼날</VPE_MeleeWeapon_EltexSword.tools.2.label>
  <VPE_HeatPearls.label>열 진주</VPE_HeatPearls.label>
  <VPE_HeatPearls.description>기계술사가 신경열을 물리적 형태로 응축시키는 과정에서 생성된 신비로운 열 진주입니다. 다른 초능력자에게 던져서 엄청난 신경열을 발생시켜 짧은 시간동안 초능력을 무효화시킬 수 있습니다.</VPE_HeatPearls.description>
  <VPE_HeatPearls.verbs.0.label>열 진주 던지기</VPE_HeatPearls.verbs.0.label>
  <VPE_SteelConstruct.label>강철 골렘</VPE_SteelConstruct.label>
  <VPE_SteelConstruct.description>강력한 초능력 에너지로 움직이는 고철 덩어리입니다. 주변에 있는 위험한 것들과 자동으로 교전하며 주인이 상처입지 않게 보호합니다. \n\n게임 플레이 효과 : 골렘은 자신을 가공한 시전자에게 일정한 신경열을 발생시킵니다. 너무 많은 골렘이 살아있다면 시전자가 다른 초능력을 시전하는 것을 방해할 수 있습니다.</VPE_SteelConstruct.description>
  <VPE_SteelConstruct.tools.0.label>머리</VPE_SteelConstruct.tools.0.label>
  <VPE_RockConstruct.label>암석 골렘</VPE_RockConstruct.label>
  <VPE_RockConstruct.description>강력한 초능력 에너지로 움직이는 암석 덩어리입니다. 지치지 않으며 최대한 헌신적으로 정착지 주변에서 간단한 작업을 수행합니다. \n\n게임 플레이 효과 : 골렘은 자신을 가공한 시전자에게 일정한 신경열을 발생시킵니다. 너무 많은 골렘이 살아있다면 시전자가 다른 초능력을 시전하는 것을 방해할 수 있습니다.</VPE_RockConstruct.description>
  <VPE_RockConstruct.tools.0.label>머리</VPE_RockConstruct.tools.0.label>
  <VPE_SummonedSkeleton.label>해골</VPE_SummonedSkeleton.label>
  <VPE_SummonedSkeleton.description>죽은 사람의 뼈를 초능력으로 되살린 존재입니다. 매우 공격적이지만 금방 시들어버립니다.</VPE_SummonedSkeleton.description>
  <VPE_SummonedSkeleton.tools.0.label>왼쪽 주먹</VPE_SummonedSkeleton.tools.0.label>
  <VPE_SummonedSkeleton.tools.1.label>오른쪽 주먹</VPE_SummonedSkeleton.tools.1.label>
</LanguageData>