<?xml version="1.0" encoding="utf-8"?>
<LanguageData>
  <VPE_ImmediateAttack_Psycasters.letterLabelEnemy>습격 (초능력자)</VPE_ImmediateAttack_Psycasters.letterLabelEnemy>
  <VPE_ImmediateAttack_Psycasters.arrivalTextEnemy>이 습격자들은 강력한 초능력자의 지휘를 받고 있습니다. 그는 초능력을 이용하여 전장을 조작하고 전투의 규모를 간단하게 확대할 수 있는 자들이기에 주의하는 것이 좋으며 그가 초능력을 시전하기 전에 우선적으로 처리하는걸 권장합니다.

이 집단의 초능력자:
</VPE_ImmediateAttack_Psycasters.arrivalTextEnemy>
  <VPE_ImmediateAttack_Psycasters.letterLabelFriendly>지원 (초능력자)</VPE_ImmediateAttack_Psycasters.letterLabelFriendly>
  <VPE_ImmediateAttack_Psycasters.arrivalTextFriendly>동맹이 당신을 돕기 위해 바로 순간이동해왔습니다.</VPE_ImmediateAttack_Psycasters.arrivalTextFriendly>
</LanguageData>