<?xml version="1.0" encoding="utf-8"?>
<LanguageData>
  <VPE.MustTargetBattery>축전지를 지정해야 합니다.</VPE.MustTargetBattery>
  <VPE.StopHurricane>허리케인이 끝났습니다.</VPE.StopHurricane>
  <VPE.NoChunks>장애물을 생성할 수 없습니다.</VPE.NoChunks>
  <VPE.MustHaveLivingFamilyMembers>{PAWN_nameDef}에게 살아있는 가족이 있어야 합니다.</VPE.MustHaveLivingFamilyMembers>
  <VPE.ThingsOfLevel>{0} 에서 {1} 레벨이 되었습니다</VPE.ThingsOfLevel>
  <VPE.TooCheap>가치가 충분하지 않습니다. 항목당 최소 $1의 가치가 필요합니다.</VPE.TooCheap>
  <VPE_BreakLink>연결 끊기</VPE_BreakLink>
  <VPE_BreakLinkDesc>연결을 끊어 해당 존재의 활동을 중지시킵니다.</VPE_BreakLinkDesc>
  <VPE.PsySetNext>다음 초능력 묶음</VPE.PsySetNext>
  <VPE.PsySetPrev>이전 초능력 묶음</VPE.PsySetPrev>
  <VPE.Nearby>가까움</VPE.Nearby>
  <VPE.WealthNearby>보유 자산: {1}, 주변 자산: {0}</VPE.WealthNearby>
  <VPE.GroupFocus>근처에 있는 다른 정착민의 수: {0}</VPE.GroupFocus>
  <VPE.All>전부</VPE.All>
  <VPE.PsySetDesc>다음 초능력 세트로 이동합니다. 특정 항목을 선택하려면 마우스 오른쪽 버튼을 클릭하십시오.\n현재: {0}, 다음: {1}</VPE.PsySetDesc>
  <VPE.MustHaveQuality>품질이 있는 대상을 지정해야 합니다.</VPE.MustHaveQuality>
  <VPE.QualityTooHigh>대상의 품질이 너무 높습니다. 완벽보다는 낮아야 합니다.</VPE.QualityTooHigh>
  <VPE.NotEnoughHeat>사용 가능한 신경열이 부족합니다.</VPE.NotEnoughHeat>
  <VPE.MustConsumePower>전력을 소비하는 장치여야 합니다.</VPE.MustConsumePower>
  <VPE.MustBeStoneChunk>바위 덩어리를 대상으로 지정해야 합니다.</VPE.MustBeStoneChunk>
  <VPE.MustBeSteelSlag>고철 덩어리를 대상으로 지정해야 합니다.</VPE.MustBeSteelSlag>
  <VPE.PsylinkGained>초능력 등급 획득: {0}</VPE.PsylinkGained>
  <VPE.PsylinkGained.Desc>{0}은(는) 더 높은 수준의 초능력을 얻었습니다. 더 높은 수준에 도달하였기 때문에 초능력 관련 능력치가 약간씩 상승했습니다. 이제 {1}는 더 많은 초능력을 배우거나 더 높은 초능력 관련 능력치를 얻거나 새로운 길을 걷기 위해 투자를 할 수 있습니다.\n\n다음 등급으로 가기 위해 필요한 경험치는 {2}입니다.</VPE.PsylinkGained.Desc>
  <VPE.UnlockedByPoints>초능력 포인트를 사용하여 잠금 해제해야합니다.</VPE.UnlockedByPoints>
  <VPE.MustEltex>엘텍스를 대상으로 지정해야합니다.</VPE.MustEltex>
  <VPE.NotPsycaster>초능력자가 아닙니다.</VPE.NotPsycaster>
  <VPE.AlreadyPsyring>이미 초능력 반지를 착용하고 있습니다.</VPE.AlreadyPsyring>
  <VPE.Research>연구가 가능해야 합니다.</VPE.Research>
  <VPE.AlreadyResearch>이미 조사했습니다.</VPE.AlreadyResearch>
  <VPE.MustBeAllyOrNeutral>아군 또는 중립인 대상에게만 시전 할 수 있습니다.</VPE.MustBeAllyOrNeutral>
  <VPE.MustBeDowned>쓰러진 대상에게만 시전 할 수 있습니다.</VPE.MustBeDowned>
  <VPE.MustHavePsychicLevel>대상자는 1 이상의 정신력 증폭이 존재해야 합니다.</VPE.MustHavePsychicLevel>
  <VPE.MustHaveHeatAmount>{0} 이상의 신경열이 있어야 합니다.</VPE.MustHaveHeatAmount>
  <VPE.MustBeCorpse>시체를 대상으로 지정해야 합니다.</VPE.MustBeCorpse>
  <VPE.MustBeCorpseHumanlike>인간의 시체여야합니다.</VPE.MustBeCorpseHumanlike>
  <VPE.PackSummon>동물들의 지원!</VPE.PackSummon>
  <VPE.PackSummon.Desc>정착지를 방어하기 위해 {0} 이(가) 부른 야생 동물들이 도착했습니다.</VPE.PackSummon.Desc>
  <VPE.NoAvailableFingers>사용 가능한 손가락이 남아있지 않습니다.</VPE.NoAvailableFingers>
  <VPE.CurrentChanneling>현재 {0}개의 연결을 유지 중</VPE.CurrentChanneling>
  <VPE.MustBeInDark>대상이 어둠 속에 있어야 합니다.</VPE.MustBeInDark>
  <VPE.MustBePsycaster>초능력자여야 합니다.</VPE.MustBePsycaster>
  <VPE.AlreadyHasPsycast>이미 {0}을(를) 알고 있습니다.</VPE.AlreadyHasPsycast>
  <VanillaPsycastsExpanded>Vanilla Psycasts Expanded</VanillaPsycastsExpanded>
  <VPE.XPPerPercent>초능력 경험치 획득량 보정</VPE.XPPerPercent>
  <VPE.PsycasterSpawnBaseChance>바실리쿠스 수여자 등장 확률</VPE.PsycasterSpawnBaseChance>
  <VPE.PsycasterSpawnAdditional>바실리쿠스 수여자 습격 규모</VPE.PsycasterSpawnAdditional>
  <VPE.AllowShrink>초능력 UI 축소 허용</VPE.AllowShrink>
  <VPE.AllowShrink.Desc>습득한 초능력의 개수가 너무 많아질 경우 1/4 크기로 축소합니다.</VPE.AllowShrink.Desc>
  <VPE.SmallMode>UI 축소 모드</VPE.SmallMode>
  <VPE.SmallMode.Desc>UI 축소 모드에서 초능력 능력치 설명은 작은 창으로 표시되며 초능력 묶음은 별도의 메뉴로 분리시킵니다. V 체크시 축소 모드가 강제로 표시되며 ~인 경우 기본 설정대로 동작합니다(수직 해상도가 1080p 이하일 경우 스몰 모드가 활성화됩니다).</VPE.SmallMode.Desc>
  <VPE.Psycasts>초능력</VPE.Psycasts>
  <VPE.PsyLevel>초능력 등급 : {0}</VPE.PsyLevel>
  <VPE.EarnXP>명상을 통해 초능력 경험치를 얻을 수 있습니다.</VPE.EarnXP>
  <VPE.Points>사용 가능한 점수 : {0}</VPE.Points>
  <VPE.SpendPoints>새로운 길을 열거나 초능력을 습득하거나 명상을 보조하거나 초능력 관련 능력을 증폭시키는데 사용 가능합니다.</VPE.SpendPoints>
  <VPE.PsycasterStats>초능력 능력치</VPE.PsycasterStats>
  <VPE.Upgrade>증폭</VPE.Upgrade>
  <VPE.FocusTypes>사용 가능한 집중명상 유형 :</VPE.FocusTypes>
  <VPE.PsysetCustomize>초능력 묶음 설정</VPE.PsysetCustomize>
  <VPE.PsysetDesc>학습된 초능력을 게임 내에서 사용할 수 있는 초능력 묶음에 끌어다 놓습니다.</VPE.PsysetDesc>
  <VPE.CreatePsyset>초능력 묶음 만들기</VPE.CreatePsyset>
  <VPE.Unlock>잠금 해제</VPE.Unlock>
  <VPE.ClickToUnlock>누를 시 초능력을 습득합니다.</VPE.ClickToUnlock>
  <VPE.UseAltBackground>다른 배경 사용</VPE.UseAltBackground>
  <VPE.DestroySkipdoor>파괴</VPE.DestroySkipdoor>
  <VPE.DestroySkipdoor.Desc>이 차원문을 파괴합니다. 더 이상 사용할 수 없겠지만 더 이상 {0}의 신경열에 영향을 미치지 않을겁니다.</VPE.DestroySkipdoor.Desc>
  <VPE.RenameSkipdoor>이름 변경</VPE.RenameSkipdoor>
  <VPE.RenameSkipdoor.Desc>차원문의 이름을 변경합니다.</VPE.RenameSkipdoor.Desc>
  <VPE.TeleportTo>{0}로 순간이동</VPE.TeleportTo>
  <VPE.CancelSkipbarrier>수호 보호막 해제</VPE.CancelSkipbarrier>
  <VPE.CancelSkipbarrierDesc>시전자의 수호 보호막을 해제합니다.</VPE.CancelSkipbarrierDesc>
  <VPE.Edit>설정</VPE.Edit>
  <VPE.Rename>이름 변경</VPE.Rename>
  <VPE.Untitled>설정된 이름 없음</VPE.Untitled>
  <VPE.Remove>삭제</VPE.Remove>
  <VPE.Contents>내용물:</VPE.Contents>
  <VPE.ClickRemove>누르면 목록에서 삭제됩니다.</VPE.ClickRemove>
  <VPE.SellingEltexWarning>엘텍스를 판매하는 것은 제국의 법에 위배되는 행위이며 이 행위는 제국과의 관계에 영향을 미칠 수도 있고 아닐수도 있습니다.</VPE.SellingEltexWarning>
  <VPE.GiftingEltexWarning>엘텍스를 선물하는 것은 제국의 법에 위배되는 행위이며 이 행위는 제국과의 관계에 영향을 미칠 수도 있고 아닐수도 있습니다.</VPE.GiftingEltexWarning>
  <VPE.EmpireAngeredTitle>제국의 분노</VPE.EmpireAngeredTitle>
  <VPE.EmpireAngeredDesc>제국에서 당신들이 엘텍스를 {0}한 것을 발견했습니다. 그들은 그것이 제국의 법에 위반된다고 생각하며 당신과의 관계를 재고하였습니다.</VPE.EmpireAngeredDesc>
  <VPE.Gifting>선물</VPE.Gifting>
  <VPE.Trading>처분</VPE.Trading>
  <VPE.FactionRelationReducedInfo>{FACTION_name}과의 우호도는 이제 {1}입니다.({2} 만큼 감소)</VPE.FactionRelationReducedInfo>
  <VPE.CreatePsyringTitle>초능력 선택 :</VPE.CreatePsyringTitle>
  <VPE.CreatePsyringButton>초능력 반지 가공</VPE.CreatePsyringButton>
  <VPE.Locked>잠김</VPE.Locked>
  <VPE.StatsReport_BodiesConsumed>소모된 시체: +{0}</VPE.StatsReport_BodiesConsumed>
  <VPE.DevMode>개발자 모드</VPE.DevMode>
  <VPE.NotEnoughPoints>사용 가능한 포인트가 없습니다.</VPE.NotEnoughPoints>
  <VPE.AbilitiesList>습득 가능한 초능력 :</VPE.AbilitiesList>
  <VPE.Hover>총합</VPE.Hover>
  <VPE.PsycasterRaidDescription>{0}

초능력자를 포획하는 것은 매우 유효한 전략이기에 기회가 된다면 포획하는 것을 권장합니다.</VPE.PsycasterRaidDescription>
  <VPE.LockedTitle>잠김: 제국의 작위가 필요합니다.</VPE.LockedTitle>
</LanguageData>