<?xml version="1.0" encoding="utf-8"?>
<LanguageData>
  <Empire_Caster_Conflagrator.label>화염술사</Empire_Caster_Conflagrator.label>
  <Empire_Caster_Archotechist.label>초월공학자</Empire_Caster_Archotechist.label>
  <Empire_Caster_Warlord_Ranged.label>전장의 지배자</Empire_Caster_Warlord_Ranged.label>
  <Empire_Caster_Warlord_Melee.label>전장의 지배자</Empire_Caster_Warlord_Melee.label>
  <Empire_Caster_Protector.label>수호자</Empire_Caster_Protector.label>
  <Tribal_Caster_Wildspeaker.label>공간전이자</Tribal_Caster_Wildspeaker.label>
  <Tribal_Caster_Conflagrator.label>화염술사</Tribal_Caster_Conflagrator.label>
  <Tribal_Caster_Frostshaper.label>빙결술사</Tribal_Caster_Frostshaper.label>
  <Tribal_Caster_Staticlord.label>뇌제</Tribal_Caster_Staticlord.label>
  <VPE_SteelConstruct.label>강철 골렘</VPE_SteelConstruct.label>
  <VPE_RockConstruct.label>암석 골렘</VPE_RockConstruct.label>
  <VPE_SummonedSkeleton.label>해골</VPE_SummonedSkeleton.label>
</LanguageData>