<?xml version="1.0" encoding="utf-8"?>
<LanguageData>
  <VPE_Bliss.stages.0.label>행복해짐</VPE_Bliss.stages.0.label>
  <VPE_Bliss.stages.0.description>모든 것이 나쁜 건 아닐거야.</VPE_Bliss.stages.0.description>
  <VPE_Bliss.stages.1.label>행복해짐</VPE_Bliss.stages.1.label>
  <VPE_Bliss.stages.1.description>상황이 더 나아지고 있는 것 같아.</VPE_Bliss.stages.1.description>
  <VPE_Bliss.stages.2.label>행복해짐</VPE_Bliss.stages.2.label>
  <VPE_Bliss.stages.2.description>모든 것이 느리지만 확실하게 좋아지고 있어.</VPE_Bliss.stages.2.description>
  <VPE_Bliss.stages.3.label>행복해짐</VPE_Bliss.stages.3.label>
  <VPE_Bliss.stages.3.description>기분이 너무 좋아. 상황이 개선되고 있는걸.</VPE_Bliss.stages.3.description>
  <VPE_Bliss.stages.4.label>행복해짐</VPE_Bliss.stages.4.label>
  <VPE_Bliss.stages.4.description>너무 포근하고 이걸 느낄 수 있다는것만으로도 너무 행복해.</VPE_Bliss.stages.4.description>
  <VPE_Bliss.stages.5.label>행복해짐</VPE_Bliss.stages.5.label>
  <VPE_Bliss.stages.5.description>흥분에 휩싸일 것 같아. 난 이 정착지가 너무 좋고 이 세계와 그 위에 있는 모든 생명체를 사랑해.</VPE_Bliss.stages.5.description>
  <VPE_Bliss.stages.6.label>행복해짐</VPE_Bliss.stages.6.label>
  <VPE_Bliss.stages.6.description>이 세상의 색은 너무 선명하고 소리는 매우 고요하며 공기는 매우 상쾌하군. 이런 행복한 삶을 살다니 믿을 수가 없어.</VPE_Bliss.stages.6.description>
  <VPE_Bliss.stages.7.label>행복해짐</VPE_Bliss.stages.7.label>
  <VPE_Bliss.stages.7.description>그래 바로 이거야. 난 진정으로 행복한 삶에 도달하는데 성공했어. 삶이 행복 그 자체야</VPE_Bliss.stages.7.description>
  <VPE_MindWiped.stages.0.label>기억이 정리됨</VPE_MindWiped.stages.0.label>
  <VPE_MindWiped.stages.0.description>난 아무것도 기억이 나지 않지만 새로운 것들을 알아가는게 즐거워!</VPE_MindWiped.stages.0.description>
  <VPE_TimeQuake.stages.0.label>시간 지진</VPE_TimeQuake.stages.0.label>
  <VPE_TimeQuake.stages.0.description>내가 알던 모든 사람들이 전부 변했어. 이번 지진은 정말 많은 일이 있었군.</VPE_TimeQuake.stages.0.description>
  <VPE_Future.stages.0.label>자신의 미래를 알게 됨</VPE_Future.stages.0.label>
  <VPE_Future.stages.0.description>내 미래를 알게 됐는데 상황이 좋아 보여!</VPE_Future.stages.0.description>
  <VPE_Thrall.stages.0.label>노예</VPE_Thrall.stages.0.label>
  <VPE_Thrall.stages.0.description>으어어어어어</VPE_Thrall.stages.0.description>
</LanguageData>