<?xml version="1.0" encoding="utf-8"?>
<LanguageData>
  <VPE_PsyfocusCostFactor.label>초집중 소모 비율</VPE_PsyfocusCostFactor.label>
  <VPE_PsyfocusCostFactor.description>초집중 소모량에 초집중 소모량 감소값을 곱한 값입니다.</VPE_PsyfocusCostFactor.description>
  <VPE_PsychicEntropyMinimum.label>최소 신경열</VPE_PsychicEntropyMinimum.label>
  <VPE_PsychicEntropyMinimum.description>현재 가능한 신경열의 최소량입니다. 이 값은 신경열을 요구하는 초능력들을 유지함으로서 증가합니다.</VPE_PsychicEntropyMinimum.description>
</LanguageData>