<?xml version="1.0" encoding="utf-8"?>
<LanguageData>
  <VPE_EltexGear.label>엘텍스 장비</VPE_EltexGear.label>
  <VPE_EltexGear.description>당신의 초능력자들의 정신 집중을 향상시킬 수 있는 복잡한 엘텍스 의류를 제단하고 제작합니다.</VPE_EltexGear.description>
  <VPE_CasterGear.label>초능력 장비</VPE_CasterGear.label>
  <VPE_CasterGear.description>엘텍스를 사용해 간단한 의류와 갑옷 및 장비를 제작합니다.</VPE_CasterGear.description>
</LanguageData>