<?xml version="1.0" encoding="utf-8"?>
<LanguageData>
  <VPE_WordofTrust.label>신뢰의 단어</VPE_WordofTrust.label>
  <VPE_WordofTrust.description>초능력을 발휘하여 수감자의 저항심을 감소시킵니다. 그러나 자동으로 포섭되지는 않습니다.</VPE_WordofTrust.description>
  <VPE_WordofProductivity.label>생산성의 단어</VPE_WordofProductivity.label>
  <VPE_WordofProductivity.description>신진 대사를 가속시키는 동시에 동기 부여를 주어 대상자를 며칠동안 더 생산적인 정착지의 구성원으로 만듭니다. 적대적인 행동으로 간주되며 지속 시간은 대상의 정신 민감도에 영향을 받습니다.</VPE_WordofProductivity.description>
  <VPE_BlindingPulse.label>실명의 파동</VPE_BlindingPulse.label>
  <VPE_BlindingPulse.description>대상 범위 내의 모든 사람들의 시각 중추에 간섭하여 시야를 방해합니다. 30분 가량 지속됩니다.</VPE_BlindingPulse.description>
  <VPE_WordofAlliance.label>동맹의 단어</VPE_WordofAlliance.label>
  <VPE_WordofAlliance.description>가까운 대상에게 초능력 텔레파시로 우정과 이익의 말을 건네 그들이 당신이 나쁜 사람이 아니라고 깨닫게 만듭니다. 대상이 초능력에 영향을 받을 수 있어야 합니다.</VPE_WordofAlliance.description>
  <VPE_GroupLink.label>집단 연결</VPE_GroupLink.label>
  <VPE_GroupLink.description>시전자 주위에 초능력 구체를 생성하여 내부에 있는 모든 정착민들을 시전자와 연결하고 단일 대상에게 효과를 주는 '단어' 초능력이 다른 모든 정착민들에게 영향을 주도록 변화시킵니다. 연결된 정착민들이 범위를 벗어나면 효과가 종료됩니다.</VPE_GroupLink.description>
  <VPE_WordofPain.label>고통의 단어</VPE_WordofPain.label>
  <VPE_WordofPain.description>대상자의 뇌 중추에 소음을 유발하고 신경 끝단을 강하게 자극합니다. 대상자의 정신 민감도에 영향을 받습니다.</VPE_WordofPain.description>
  <VPE_MindBreak.label>정신 파괴</VPE_MindBreak.label>
  <VPE_MindBreak.description>초능력을 집중시켜 대상을 멍청하고 불안한 노예로 만듭니다. 대상이 원래 속했던 세력이 이 행동을 용납하지 않을겁니다.</VPE_MindBreak.description>
  <VPE_WordofProtection.label>보호의 단어</VPE_WordofProtection.label>
  <VPE_WordofProtection.description>초능력을 집중시켜 대상의 신체를 물리적으로 더 단단하고 손상에 강한 재질로 변화시킵니다. 꽤 오래 지속되며 시전자의 정신 민감도에 따라 지속시간이 변화합니다.</VPE_WordofProtection.description>
  <VPE_DrainPsyessence.label>정신 흡수</VPE_DrainPsyessence.label>
  <VPE_DrainPsyessence.description>쓰러진 초능력자를 대상으로 강력한 초능력 집중을 이용해 살을 액화시키고 초능력 에너지로 변화시켜 자신에게 흡수시킵니다. 이로 인해 발생하는 충격파는 수 킬로미터 내에 있는 모든 사람들이 느낄 수 있을 것 입니다.</VPE_DrainPsyessence.description>
  <VPE_MassHallucination.label>집단 환각</VPE_MassHallucination.label>
  <VPE_MassHallucination.description>엄청난 양의 초능력 에너지를 이용해 근처에 있는 정착민들에게 현재 있는 방이 극도로 인상적이라는 확신을 심어줍니다. 해당 효과는 5일동안 지속되며 시전자는 초능력 혼수상태에 빠집니다.</VPE_MassHallucination.description>
  <VPE_Burden.label>과부하</VPE_Burden.label>
  <VPE_Burden.description>대상의 뇌 기능을 잠시 억제하여 느려지게 합니다. 적대적인 행동으로 간주되며 대상의 정신 민감도에 영향을 받습니다.</VPE_Burden.description>
  <VPE_Stun.label>기절</VPE_Stun.label>
  <VPE_Stun.description>대상의 뇌 기능을 잠시 차단하여 기절시킵니다. 이 초능력은 몇 초 동안 지속되며 적대적인 행동으로 간주됩니다.</VPE_Stun.description>
  <VPE_PsychicShock.label>정신 충격</VPE_PsychicShock.label>
  <VPE_PsychicShock.description>대상에게 정신파동을 집중하여 일정 시간동안 충격에 빠져 쓰러지게 합니다. 뇌 손상의 위험이 있으며 명백하게 적대적 행위로 취급됩니다.</VPE_PsychicShock.description>
  <VPE_NeuralHeatDump.label>신경열 떠넘기기</VPE_NeuralHeatDump.label>
  <VPE_NeuralHeatDump.description>쌓인 신경열을 다른 사람에게 떠념거서 해소합니다. 부작용으로 대상은 약 하루 동안 부작용 없는 혼수 상태에 빠질 것 입니다. 이 작업은 정신적 공명이 필요하기 때문에 의식이 있는 아군에게만 사용할 수 있습니다.</VPE_NeuralHeatDump.description>
  <VPE_Berserk.label>광란</VPE_Berserk.label>
  <VPE_Berserk.description>대상에게 참을 수 없는 분노를 유발하여 근처에 아무나 공격하게 합니다. 정신 민감도에 따라 약 15초 정도 후에 이성을 되찾습니다.</VPE_Berserk.description>
  <VPE_AggressiveHeatDump.label>신경열 폭발</VPE_AggressiveHeatDump.label>
  <VPE_AggressiveHeatDump.description>모든 신경열을 대상에게 즉시 쏟아부어 손실된 열과 대상자의 정신 민감도에 비례해 폭발을 일으킵니다. 좋은 선전포고죠.</VPE_AggressiveHeatDump.description>
  <VPE_BerserkPulse.label>광란의 파동</VPE_BerserkPulse.label>
  <VPE_BerserkPulse.description>목표 지점 근처의 모든 사람들에게 무차별적인 분노를 유발시킵니다. 명백한 공격 행위로 간주되며 몇 초 동안 지속됩니다.</VPE_BerserkPulse.description>
  <VPE_PsychicDrone.label>초능력 드론</VPE_PsychicDrone.label>
  <VPE_PsychicDrone.description>시전자 주위에 거대한 초능력 지대를 생성하여 적들이 수시로 미치게 만듭니다. 지속 시간은 시전자의 정신 민감도에 비례합니다.</VPE_PsychicDrone.description>
  <VPE_NeuralHeatDetonation.label>신경열 방출</VPE_NeuralHeatDetonation.label>
  <VPE_NeuralHeatDetonation.description>매우 효율적이지만 무차별적으로 시전자의 신경열을 방출시킵니다. 충격파의 크기는 손실된 열과 시전자의 정신 감응력에 비례합니다.</VPE_NeuralHeatDetonation.description>
  <VPE_Neuroquake.label>신경지진</VPE_Neuroquake.label>
  <VPE_Neuroquake.description>정신장의 불연속면을 통해 엄청난 양의 정신 에너지를 방출합니다. 시전자 주변에는 작은 안전 범위가 생성되며, 바깥에 있는 생명체는 모두 미쳐 날뛰게 됩니다. 시전자는 12초 동안의 명상 후 정신 에너지를 방출하며, 이후 초능력 혼수상태에 빠집니다. 신경 지진은 광범위한 정신적 여파를 남기기 때문에 모든 세력의 우호도를 감소시킬 것 입니다.</VPE_Neuroquake.description>
  <VPE_PlantTimeskip.label>작물 성장 생략</VPE_PlantTimeskip.label>
  <VPE_PlantTimeskip.description>시전자 주위의 모든 식물들을 즉시 성장시킵니다.</VPE_PlantTimeskip.description>
  <VPE_TimeskipMeditation.label>명상 생략</VPE_TimeskipMeditation.label>
  <VPE_TimeskipMeditation.description>초능력 경험치를 대량으로 얻고 초집중을 최대로 충전시키지만 시전자의 생물학적 나이가 5세 증가합니다.</VPE_TimeskipMeditation.description>
  <VPE_WordofForetelling.label>예언의 단어</VPE_WordofForetelling.label>
  <VPE_WordofForetelling.description>초능력으로 다가올 일을 미리 예언합니다. 정작민은 영감을 얻으며 중립 또는 우호적인 외부인은 관계를 개선하고 죄수는 저항심을 깎으며 적군은 도망칩니다.</VPE_WordofForetelling.description>
  <VPE_CraftTimeskip.label>제작 생략</VPE_CraftTimeskip.label>
  <VPE_CraftTimeskip.description>매우 정확하게 시간을 생략하여 제작자가 계속 작업한 것 마냥 원하는 물건을 완성된 상태로 변형시킵니다. 시전자의 생물학적 나이가 3세 증가합니다.</VPE_CraftTimeskip.description>
  <VPE_Age.label>나이</VPE_Age.label>
  <VPE_Age.description>살아있는 대상의 생명력을 매우 비효율적으로 흡수하여 시전자를 2살 젋어지게 하고 대상자를 10년 노화시킵니다. 희생자에게 매우 큰 후유증을 남기며 매우 적대적인 행동으로 취급됩니다.</VPE_Age.description>
  <VPE_RaidPause.label>습격 정지</VPE_RaidPause.label>
  <VPE_RaidPause.description>시전자의 정신 민감도에 비례해서 최대 5분까지 습격자들을 정지시킵니다. 영향을 받고 있는 칩입자 중 한명을 공격하게 되면 모든 칩입자들이 행동을 재개합니다.</VPE_RaidPause.description>
  <VPE_SeasonTimeskip.label>계절 생략</VPE_SeasonTimeskip.label>
  <VPE_SeasonTimeskip.description>행성에 사는 생명체 전체를 한 계절동안 감속시켜 매우 빠르게 계절 하나를 건너뜁니다. 즉시 효과가 격렬하게 나타나기에 시전자를 초능력 혼수상태에 빠트립니다.</VPE_SeasonTimeskip.description>
  <VPE_TimeSphere.label>시간 가속 영역</VPE_TimeSphere.label>
  <VPE_TimeSphere.description>해당 영역의 시간 흐름을 초능력으로 압축합니다. 생물체는 매우 빠르게 노화하며 식물은 빠르게 성장하다 시들고 구조물들은 노후되어 무너집니다.</VPE_TimeSphere.description>
  <VPE_TimeReversal.label>시간 역전</VPE_TimeReversal.label>
  <VPE_TimeReversal.description>비효율적인 방식으로 자신의 생명력을 방출하여 대상자를 10년 젊게 회춘시키고 시전자는 5년 노화시킵니다. 최소 연령 제한이 있으며 연령 관련 페널티를 제거하고 시전자를 초능력 혼수상태로 빠트립니다.</VPE_TimeReversal.description>
  <VPE_Timequake.label>시간 지진</VPE_Timequake.label>
  <VPE_Timequake.description>초능력 공간에서 불연속성을 찾아 압축하여 엄청난 시간 교란을 일으키는 충격파를 방출합니다. 시전자 주변에 작은 안전 범위가 생성되며, 바깥에 있는 생명체는 모두 급속도로 노화를 겪게 되고 그로 인해 신체 구조가 뒤틀리게 됩니다. 시전자는 20초 동안의 명상 후 충격파를 발산하게 되며, 이후 초능력 혼수 상태에 빠지게 됩니다. 시간 지진은 광범위한 피해를 남기기 때문에 모든 세력의 우호도를 감소시킬 것 입니다.</VPE_Timequake.description>
  <VPE_Flameball.label>화염구</VPE_Flameball.label>
  <VPE_Flameball.description>깨지기 쉬운 작은 마그마 덩어리를 발사합니다. 무언가에 충돌을 하면 깨져서 폭발합니다.</VPE_Flameball.description>
  <VPE_SelfExplosion.label>자폭</VPE_SelfExplosion.label>
  <VPE_SelfExplosion.description>압축된 가연성 가스를 시전자 주위에 소환하여 퍼트립니다. 가스가 퍼짐과 동시에 폭발이 일어나기에 가스 자체로 인한 피해는 크게 발생하지 않지만 가스가 퍼진 장소에 대규모 화재가 발생합니다.</VPE_SelfExplosion.description>
  <VPE_Explosion.label>폭발</VPE_Explosion.label>
  <VPE_Explosion.description>해당 위치에 작은 불꽃과 함께 정제되지 않은 유기 화학 물질이 저장된 지역과 연결합니다. 불이 붙은 가스가 매우 빠른 속도로 주변을 불태웁니다.</VPE_Explosion.description>
  <VPE_FireShield.label>화염 보호막</VPE_FireShield.label>
  <VPE_FireShield.description>근처의 별과 연결되는 구형 보호막을 대상 주위에 감쌉니다.</VPE_FireShield.description>
  <VPE_BreatheFlame.label>화염 숨결</VPE_BreatheFlame.label>
  <VPE_BreatheFlame.description>작은 불꽃과 함께 정제되지 않은 유기 화학 물질을 전방으로 내뿜어 목표 사이에 있는 개체들에게 화상 피해를 입힙니다.</VPE_BreatheFlame.description>
  <VPE_EyeBlast.label>시선 폭발</VPE_EyeBlast.label>
  <VPE_EyeBlast.description>시전자의 눈 앞에 별과 연결된 차원문을 연 다음 시선이 바라보는 방향으로 방출하여 좁은 지역을 불태웁니다.</VPE_EyeBlast.description>
  <VPE_QuenchFlames.label>소화</VPE_QuenchFlames.label>
  <VPE_QuenchFlames.description>근처 선박에 화재 진압 시스템에 포함되어 있는 발포체와 연결된 차원문을 열어 주변에 흩뿌립니다. 선박에서나 쓸법한 거대한 규모가 인상적입니다.</VPE_QuenchFlames.description>
  <VPE_MeteorShower.label>유성우</VPE_MeteorShower.label>
  <VPE_MeteorShower.description>궤도를 도는 유성체와 우주 파편에 중력 왜곡을 걸어 시전자가 선택한 위치에 떨어지도록 유도합니다. 쉬운 제어와 최적의 파괴를 보장하기 위해 여러 그룹으로 떨어집니다.</VPE_MeteorShower.description>
  <VPE_FireBeam.label>화염 폭격</VPE_FireBeam.label>
  <VPE_FireBeam.description>별의 힘을 재현하려고 시도합니다. 그 결과로 매우 강력한 플라즈마 방출이 발생하며 가장 진보한 무기만이 이 위력과 비슷한 위력을 낼 수 있을 것 입니다. 길고 강렬한 집중 후에 시전자는 초능력 혼수 상태에 빠집니다.</VPE_FireBeam.description>
  <VPE_FlameTornado.label>화재 선풍</VPE_FlameTornado.label>
  <VPE_FlameTornado.description>별의 힘을 재현하려고 시도합니다. 이 시도 뒤에 발생할 상황은 예측할 수도 제어할 수도 없습니다.</VPE_FlameTornado.description>
  <VPE_WordofJoy.label>재미의 단어</VPE_WordofJoy.label>
  <VPE_WordofJoy.description>초자연적인 영향력을 발휘하여 대상에게 쾌락잔향을 심습니다. 이는 대상에게 차분함과 행복함을 선사하지만 의식이 흐려지는 부작용이 있습니다.</VPE_WordofJoy.description>
  <VPE_WordofLove.label>사랑의 단어</VPE_WordofLove.label>
  <VPE_WordofLove.description>초자연적인 영향력을 발휘하여 대상에게 낭만적 이끌림을 유발합니다. 이는 연인에 대한 의견을 크게 증가시키고, 고백이나 청혼을 시도할 확률을 높입니다. 이 능력으로 두 사람을 짝지어주거나, 시전자에 대한 사랑을 유도하거나, 다른 사람을 사랑하도록 강요할 수 있습니다.</VPE_WordofLove.description>
  <VPE_WordofSerenity.label>평온의 단어</VPE_WordofSerenity.label>
  <VPE_WordofSerenity.description>초자연적인 영향력을 발휘하여 정신이상에 빠진 사람이나 동물을 진정시킵니다. 대상은 짧은 수면에 빠지게 됩니다. 대상의 정신이상 강도에 따라 초집중 소모량이 달라집니다.</VPE_WordofSerenity.description>
  <VPE_WordofInspiration.label>영감의 단어</VPE_WordofInspiration.label>
  <VPE_WordofInspiration.description>초자연적인 영향력을 발휘하여 대상의 창의력을 고무시킵니다. 대상은 자신에게 적절한 형태의 무작위 영감을 얻습니다.</VPE_WordofInspiration.description>
  <VPE_SootheMale.label>편안한 정신파동 (남성)</VPE_SootheMale.label>
  <VPE_SootheMale.description>멀리 떨어진 정신파동기에 신호를 보내 남성들의 기분을 좋게 만들어주는 편안한 정신파동을 발생시킵니다.</VPE_SootheMale.description>
  <VPE_SootheFemale.label>편안한 정신파동 (여성)</VPE_SootheFemale.label>
  <VPE_SootheFemale.description>멀리 떨어진 정신파동기에 신호를 보내 여성들의 기분을 좋게 만들어주는 편안한 정신파동을 발생시킵니다.</VPE_SootheFemale.description>
  <VPE_Bliss.label>축복</VPE_Bliss.label>
  <VPE_Bliss.description>짧은 시간동안의 명상을 통해 대상에게 효과가 지속될수록 더 커지는 행복감을 심어줍니다. 행복해질수록 의식이 낮아지지만 적대적 행위로 간주되지는 않습니다.</VPE_Bliss.description>
  <VPE_EnergyDump.label>피로 이전</VPE_EnergyDump.label>
  <VPE_EnergyDump.description>근처에 있는 대상자의 피로를 시전자가 흡수합니다. 대상자는 상쾌해지지만 시전자는 완전히 지쳐서 낮잠을 자야 할 겁니다.</VPE_EnergyDump.description>
  <VPE_MindWipe.label>기억 정리</VPE_MindWipe.label>
  <VPE_MindWipe.description>대상에게 무해하고 즉각적인 기억상실을 유도하여 정착지 밖에서 얻은 모든 기억과 사회적 유대 및 기술을 제거합니다. 그들은 시전자의 정착지와 강한 유대감을 느끼게 되며 헌신하면서 삶의 기쁨을 발견하게 됩니다.</VPE_MindWipe.description>
  <VPE_ReunionFarskip.label>가족 소집</VPE_ReunionFarskip.label>
  <VPE_ReunionFarskip.description>짧은 명상과 시전자의 초능력 혼수 상태를 대가로 대상자의 가족 구성원 전부를 초능력 충격으로 기절시킨 후 소환합니다. 그러나 이 행위는 그들 간의 관계를 변화시키지 않으며 영향을 받은 파벌 전체에게 무례로 간주됩니다.</VPE_ReunionFarskip.description>
  <VPE_IceBreath.label>얼음 숨결</VPE_IceBreath.label>
  <VPE_IceBreath.description>초능력 한기의 흐름을 전방으로 내뿜어 목표 사이에 있는 개체들에게 동상 피해 및 저체온증을 일으킵니다.</VPE_IceBreath.description>
  <VPE_IceSpike.label>얼음 창</VPE_IceSpike.label>
  <VPE_IceSpike.description>초능력으로 응축한 증기를 고드름 형태로 만든 후 목표에게 발사시킵니다. 정신 민감도에 따라 위력이 결정됩니다.</VPE_IceSpike.description>
  <VPE_IceShield.label>얼음 보호막</VPE_IceShield.label>
  <VPE_IceShield.description>초능력을 이용해 대상 주위에 열을 역전시켜 보호막을 만듭니다. 적이 근접 공격을 시도하게 되면 추위를 느끼게 되고 저체온증에 걸리게 됩니다.</VPE_IceShield.description>
  <VPE_FrostRay.label>서리 광선</VPE_FrostRay.label>
  <VPE_FrostRay.description>몇 초 동안 초능력을 집중하여 서리 광선을 발사하여 빠른 속도로 상처와 저체온증을 유발시킵니다. 지속시간은 시전자의 정신 민감도에 따라 달라집니다.</VPE_FrostRay.description>
  <VPE_IceCrystal.label>얼음 결정</VPE_IceCrystal.label>
  <VPE_IceCrystal.description>수정의 형태를 가진 초능력 생성물을 만들어 내서 다음 5일동안 방의 온도를 낮춥니다.</VPE_IceCrystal.description>
  <VPE_ColdZone.label>동결 구역</VPE_ColdZone.label>
  <VPE_ColdZone.description>24시간동안 지속되는 한기 지역을 생성합니다. 해당 지역의 온도가 크게 낮아집니다</VPE_ColdZone.description>
  <VPE_IceBlock.label>얼음 덩어리</VPE_IceBlock.label>
  <VPE_IceBlock.description>초능력 한기와 바다와 연결된 차원문을 결합하여 목표 위치에 거대한 얼음 덩어리를 생성합니다. 깨지기 쉬우며 온도가 영상일 경우 서서히 녹아 사라집니다.</VPE_IceBlock.description>
  <VPE_SnapFreeze.label>동결</VPE_SnapFreeze.label>
  <VPE_SnapFreeze.description>초능력 한기와 소형 차원문을 결합하여 해당 범위 내의 모든 대상을 얼음 속에 가둡니다. 얼음 속에 갇힌 생명체들은 저체온증을 겪게 되며 온도가 영상일 경우 얼음이 조기에 녹을 수 있습니다.</VPE_SnapFreeze.description>
  <VPE_IceWall.label>얼음 방벽</VPE_IceWall.label>
  <VPE_IceWall.description>초능력 한기와 바다와 연결된 소형 차원문을 결합하여 시전자 주위에 원형의 얼음 벽을 생성합니다. 깨지기 쉬우며 온도가 영상일 경우 서서히 녹아 사라집니다.</VPE_IceWall.description>
  <VPE_Blizzard.label>눈보라</VPE_Blizzard.label>
  <VPE_Blizzard.description>물과 연결된 소형 차원문과 초능력 한기를 이용하여 대상 지역에 소용돌이치는 눈보라를 생성합니다. 눈보라에 노출된 생명체들은 시력, 이동, 조작이 감소되며 저체온증에 걸리게 되고 추위에 시달리게 됩니다. 지속시간은 시전자의 정신 민감도에 따라 달라지며 시전자는 초능력 혼수상태에 빠집니다.</VPE_Blizzard.description>
  <VPE_Mindcontrol.label>정신 지배</VPE_Mindcontrol.label>
  <VPE_Mindcontrol.description>짧은 시간 동안 대상자를 정신적으로 지배하고 정신 민감도에 따라 제어하여 시전자에게 두번째 육체를 부여합니다. 다만 동시에 두 사람이 되는 일은 매우 어려운 일입니다.</VPE_Mindcontrol.description>
  <VPE_PsychicGuidance.label>초능력 도움</VPE_PsychicGuidance.label>
  <VPE_PsychicGuidance.description>대상자의 신체 능력을 강화시키는 대신 시전자의 신체 능력을 약화시킵니다.</VPE_PsychicGuidance.description>
  <VPE_TransmuteStone.label>석재 변환</VPE_TransmuteStone.label>
  <VPE_TransmuteStone.description>범위 내에 있는 바위 덩어리들을 단일 유형의 무작위 바위 덩어리로 변환시킵니다.</VPE_TransmuteStone.description>
  <VPE_HeatFocus.label>신경열 변환</VPE_HeatFocus.label>
  <VPE_HeatFocus.description>10초간의 명상을 통해 신경열을 초집중으로 변환시킵니다.</VPE_HeatFocus.description>
  <VPE_LuckTransfer.label>운세 교환</VPE_LuckTransfer.label>
  <VPE_LuckTransfer.description>부정적인 운명을 첫번째 대상에서 두번째 대상에게 떠넘기고 긍정적인 운명을 받아와서 운명의 균형에 균열을 냅니다. 전투에만 영향을 미치며 지속 시간은 첫번째 대상의 정신 민감도에 따라 달라집니다.</VPE_LuckTransfer.description>
  <VPE_BendProbability.label>확률 조작</VPE_BendProbability.label>
  <VPE_BendProbability.description>무작위 사건이 발생하도록 유도하기 위해 대규모 초능력 에너지를 방출합니다.</VPE_BendProbability.description>
  <VPE_LocationSwap.label>위치 교환</VPE_LocationSwap.label>
  <VPE_LocationSwap.description>시전자와 대상자의 위치를 서로 교환합니다. 두 대상은 서로를 볼 수 있어야 합니다.</VPE_LocationSwap.description>
  <VPE_HealthSwap.label>건강 교환</VPE_HealthSwap.label>
  <VPE_HealthSwap.description>두 사람의 생명력 사이에 불균형을 내서 모든 부정적인 건강 상태가 둘 중 한 사람에게 몰리도록 만듭니다. 이전 할 수 없는 건강 상태는 치유됩니다.</VPE_HealthSwap.description>
  <VPE_Transmutation.label>변성</VPE_Transmutation.label>
  <VPE_Transmutation.description>등가 교환의 연금술 지식을 활용하여 대상 항목 또는 대상 덩어리를 동일하거나 더 낮은 가치를 가진 물건으로 변환합니다. 그 외의 방법은 매우 위험하며 제어할 수 없습니다.</VPE_Transmutation.description>
  <VPE_SkillRoll.label>기술 변환</VPE_SkillRoll.label>
  <VPE_SkillRoll.description>대상자의 지식과 축적된 기술을 변환시켜 좀 더 가치있게 만들어보는 것을 시도합니다. 시전 후 시전자는 초능력 혼수상태에 빠집니다.</VPE_SkillRoll.description>
  <VPE_WordofFear.label>공포의 단어</VPE_WordofFear.label>
  <VPE_WordofFear.description>짧은 시간 동안 대상의 정신에 공포를 심어주어 패닉을 유발합니다. 적대 행위로 간주됩니다.</VPE_WordofFear.description>
  <VPE_Liferot.label>부패</VPE_Liferot.label>
  <VPE_Liferot.description>대상의 육신에 역병을 걸어 무작위 부위를 감염시키고 심각한 악취를 일으킵니다. 지속시간은 대상의 정신 감응력에 따라 달라지며 명백하게 적대적인 행동으로 간주됩니다.</VPE_Liferot.description>
  <VPE_StealVitality.label>생명력 흡수</VPE_StealVitality.label>
  <VPE_StealVitality.description>근처에 있는 살아있는 대상을 지정하여 대상의 자연 치유력과 이동 속도 및 의식을 시전자에게 전달합니다. 명백하게 적대적인 행동으로 간주됩니다.</VPE_StealVitality.description>
  <VPE_ParalysisPulse.label>마비의 파동</VPE_ParalysisPulse.label>
  <VPE_ParalysisPulse.description>시전자 주위에 검은 입자로 이루어진 구름을 방출하여 시전자를 제외한 주변 모든 대상을 2시간 동안 운동마비상태로 만듭니다. 시전자의 정신 민감도에 따라 범위가 결정됩니다.</VPE_ParalysisPulse.description>
  <VPE_Corpsetalk.label>유령과의 대화</VPE_Corpsetalk.label>
  <VPE_Corpsetalk.description>죽은 시체의 영혼을 일시적으로 부활시켜 시전자의 부족한 기술 능력을 보충합니다. 한 계절동안 지속됩니다.</VPE_Corpsetalk.description>
  <VPE_Ghostwalk.label>유령걸음</VPE_Ghostwalk.label>
  <VPE_Ghostwalk.description>시전자의 원자가 다른 구조물의 원자 사이를 통과할 수 있다고 믿게 만듭니다. 속임수의 지속 시간은 시전자의 정신 민감도에 따라 달라집니다.</VPE_Ghostwalk.description>
  <VPE_ConsumeBodies.label>시체 흡수</VPE_ConsumeBodies.label>
  <VPE_ConsumeBodies.description>근처에 있는 인간형 시체에 남아있는 생명력을 전부 흡수하여 신경열에 대한 중첩 가능한 영구적 완충제로 사용합니다.</VPE_ConsumeBodies.description>
  <VPE_Deathshield.label>죽음의 방패</VPE_Deathshield.label>
  <VPE_Deathshield.description>접촉한 대상이 하루동안 죽지 않게 만듭니다. 이 기간이 경과하면 그 동안 축적된 상처, 출혈 또는 중요 장기의 손상으로 사망할 수 있습니다.</VPE_Deathshield.description>
  <VPE_Enthrall.label>해골 소생</VPE_Enthrall.label>
  <VPE_Enthrall.description>죽은 대상의 생명력을 추출한 후 뼈에 직접 주입하여 하루동안 움직일 수 있게 만듭니다. 시전자의 적에게 고통을 주는 것 이외의 본능은 남기지 않습니다.</VPE_Enthrall.description>
  <VPE_Resurrect.label>부활</VPE_Resurrect.label>
  <VPE_Resurrect.description>시전자의 살아 움직이는 손가락 하나를 희생시켜 썩지 않은 시체를 부활혈청으로 되살리듯이 소생시킬 수 있으며 초능력이 작용하여 부서진 조직을 복구하고 신체를 되살립니다. 대상은 무력화되며 죽기 전에 소속되었던 세력은 그대로 유지됩니다. 시체의 손상이 심할 수록 부작용이 발생할 확률이 높아집니다. 길고 강렬한 집중이 끝난 후 시전자는 초능력 혼수상태에 빠집니다.</VPE_Resurrect.description>
  <VPE_Darkvision.label>암흑 시야</VPE_Darkvision.label>
  <VPE_Darkvision.description>대상 정착민에게 어둠 속에서도 잘 볼 수 있는 시야를 제공합니다. 지속 시간은 대상의 정신 민감도에 따라 조정됩니다.</VPE_Darkvision.description>
  <VPE_Darkness.label>어둠</VPE_Darkness.label>
  <VPE_Darkness.description>선택한 지역을 어둠에 빠지게 만드는 보주를 생성하는 초능력입니다. 시전자의 정신 감응력에 따라 지속시간이 결정됩니다. 모든 시야가 차단되며 내부에서 발사하거나 외부에서 통과하려고 시도하는 모든 공격이 빗나가게 됩니다.</VPE_Darkness.description>
  <VPE_Obscure.label>동화</VPE_Obscure.label>
  <VPE_Obscure.description>시전자 주위에 광학적 부조화를 발생시켜 어둠 속에 서 있는 아군을 투명하게 만듭니다. 공격을 하게 되면 투명화가 풀립니다.</VPE_Obscure.description>
  <VPE_Eclipse.label>일식</VPE_Eclipse.label>
  <VPE_Eclipse.description>혼란스러운 어둠의 구를 하늘 저 높이 전이시켜 자연적으로 일식을 발생시킵니다.</VPE_Eclipse.description>
  <VPE_Shadowskip.label>그림자 도약</VPE_Shadowskip.label>
  <VPE_Shadowskip.description>시전자를 자신의 그림자와 연결하여 볼 수 없는 장소에 있는 어두운 장소라도 상관없이 순간이동합니다.</VPE_Shadowskip.description>
  <VPE_Decoy.label>환영</VPE_Decoy.label>
  <VPE_Decoy.description>정신 감응력에 따라 지속시간이 달라지는 환영을 특정 위치에 생성합니다. 적들은 환영을 우선적으로 노릴 것 입니다.</VPE_Decoy.description>
  <VPE_ShadowFocus.label>그림자 정신집중</VPE_ShadowFocus.label>
  <VPE_ShadowFocus.description>주변에 있는 어둠을 흡수하여 시전자의 정신 감응력을 향상시킵니다. 주변 조명 수준에 반비례합니다.</VPE_ShadowFocus.description>
  <VPE_IntensifyShadows.label>그림자 증폭</VPE_IntensifyShadows.label>
  <VPE_IntensifyShadows.description>시전자의 그림자를 다른 그림자들과 연결하고 어둠을 주입하여 지도 내의 모든 지역을 50% 미만의 조명으로 떨어트립니다. 지속시간은 시전자의 정신 민감도에 따라 달라집니다.</VPE_IntensifyShadows.description>
  <VPE_Assassinate.label>암살</VPE_Assassinate.label>
  <VPE_Assassinate.description>시전자의 그림자를 어둠 속에 있는 대상과 연결하여 공간을 건너뛰어 공격합니다. 공격 횟수는 시전자의 정신 민감도에 따라 달라집니다.</VPE_Assassinate.description>
  <VPE_Nightstep.label>밤걸음</VPE_Nightstep.label>
  <VPE_Nightstep.description>주변에 있는 아군을 정착민의 그림자와 연결시켜 과부하가 걸리지 않는 한도 내에서 행성을 가로질러 순간이동시킵니다. 밤에만 시전 가능하며 일시적으로 시전자를 기절시킵니다.</VPE_Nightstep.description>
  <VPE_Painblock.label>통각 차단</VPE_Painblock.label>
  <VPE_Painblock.description>대상의 뇌의 통증 전달 기능을 잠시 차단합니다. 이를 통해 대상은 일반적으로 무력회될 정도로 심하게 다친 상태에서도 행동할 수 있게 됩니다.</VPE_Painblock.description>
  <VPE_WordofHealing.label>치유의 단어</VPE_WordofHealing.label>
  <VPE_WordofHealing.description>초능력으로 대상의 자연 치유력을 자극시켜 며칠동안 자연 치유력을 3배 증가시킵니다.</VPE_WordofHealing.description>
  <VPE_Stabilize.label>출혈 진정</VPE_Stabilize.label>
  <VPE_Stabilize.description>일시적으로 대상의 심혈관계를 정지시켜 2분동안 출혈을 방지합니다.</VPE_Stabilize.description>
  <VPE_WordofImmunity.label>면역의 단어</VPE_WordofImmunity.label>
  <VPE_WordofImmunity.description>초능력으로 대상의 면역체계를 자극하여 며칠동안 항체 생성 속도를 3배 증가시킵니다.</VPE_WordofImmunity.description>
  <VPE_Overshield.label>개인용 보호막</VPE_Overshield.label>
  <VPE_Overshield.description>대상을 향해 오는 발사체들을 먼 장소로 순간이동시키는 구형 차원문을 생성합니다. 지속시간은 대상의 정신민감도에 따라 달라집니다. 사람과 물건들은 영향을 받지 않습니다.</VPE_Overshield.description>
  <VPE_Focus.label>집중</VPE_Focus.label>
  <VPE_Focus.description>대상의 정신을 집중시켜 시력, 청각, 이동능력을 향상시킵니다.</VPE_Focus.description>
  <VPE_Skipshield.label>대규모 보호막</VPE_Skipshield.label>
  <VPE_Skipshield.description>경계에 닿는 모든 발사체를 방향에 관계없이 소멸시키는 구형의 차원문을 생성합니다. 사람과 물건들은 영향을 받지 않습니다.</VPE_Skipshield.description>
  <VPE_Invisibility.label>투명화</VPE_Invisibility.label>
  <VPE_Invisibility.description>대상 주변 모든 이들의 시각 중추를 혼란시켜 짧은 시간 동안 대상을 인식할 수 없게 합니다.</VPE_Invisibility.description>
  <VPE_RegrowLimbs.label>신체 재생</VPE_RegrowLimbs.label>
  <VPE_RegrowLimbs.description>대상자의 결손된 신체를 목표로 하는 복잡한 형태의 초능력을 사용합니다. 효과는 하루동안 점진적으로 지속되며 그 동안 대상자가 환상통에 시달릴 수 있습니다.</VPE_RegrowLimbs.description>
  <VPE_GuardianSkipbarrier.label>수호 보호막</VPE_GuardianSkipbarrier.label>
  <VPE_GuardianSkipbarrier.description>시전자 주위에 구형의 차원문을 생성하여 들어오는 모든 발사체를 먼 장소로 순간이동시킵니다. 신경열이 버틸 수 있을 때까지 지속되며 사람과 물건은 영향을 받지 않습니다. 시전자는 정신을 집중해야 하기에 이동이 느려집니다.</VPE_GuardianSkipbarrier.description>
  <VPE_SolarPinhole.label>빛의 구멍</VPE_SolarPinhole.label>
  <VPE_SolarPinhole.description>며칠동안 근처 항성의 중심부와 연결된 미세 관문을 생성합니다. 이 작은 관문을 통해 새어나온 태양광이 주변 지역을 밝히고 따듯하게 합니다. 작업하기에는 충분한 빛이지만, 작물을 기르기엔 부족합니다.</VPE_SolarPinhole.description>
  <VPE_Chunkskip.label>장애물 생성</VPE_Chunkskip.label>
  <VPE_Chunkskip.description>돌덩어리나 고철덩어리 5개를 목표 지점 근처에 흩뿌립니다. 전투 중 엄폐물을 만드는 데 유용합니다.</VPE_Chunkskip.description>
  <VPE_Waterskip.label>물폭탄</VPE_Waterskip.label>
  <VPE_Waterskip.description>대상 지점에 물을 쏟아부어 불을 끕니다. 이 물은 멀리 떨어진 수원이나 지하수를 순간이동시킨 것 입니다.</VPE_Waterskip.description>
  <VPE_ChaosSkip.label>혼돈의 도약</VPE_ChaosSkip.label>
  <VPE_ChaosSkip.description>대상을 근처의 무작위 위치로 순간이동시킵니다.</VPE_ChaosSkip.description>
  <VPE_Skip.label>도약</VPE_Skip.label>
  <VPE_Skip.description>대상을 근처의 원하는 위치로 순간이동시킵니다.</VPE_Skip.description>
  <VPE_Wallraise.label>벽 일으키기</VPE_Wallraise.label>
  <VPE_Wallraise.description>지하 깊은 곳에서 돌무더기와 흙을 끌어올려 일시적으로 벽을 만듭니다.</VPE_Wallraise.description>
  <VPE_Smokepop.label>연막 구름</VPE_Smokepop.label>
  <VPE_Smokepop.description>지표면에서 먼지 입자를 끌어올려 두꺼운 구름을 형성합니다. 구름 사이를 통과하는 모든 사격의 정확성을 감소시키고, 포탑 조준을 방지합니다.</VPE_Smokepop.description>
  <VPE_MassChaosSkip.label>집단 혼돈의 도약</VPE_MassChaosSkip.label>
  <VPE_MassChaosSkip.description>대상 지점 근처의 모든 생명체들을 근처 무작위 위치로 순간이동시킵니다.</VPE_MassChaosSkip.description>
  <VPE_Skipdoor.label>차원문</VPE_Skipdoor.label>
  <VPE_Skipdoor.description>공간 네트워크와 연결되며 영구적으로 지속되고 어디든 배치 가능한 차원문을 생성합니다. 네트워크는 정착지의 집단 의식과 연결되어 있기에 다른 사람들도 이용 가능하며 다른 초능력자가 추가할 수 있습니다. 진입 지점은 붕괴를 일으킬 수 있는 물리적 요소들에 취약합니다.</VPE_Skipdoor.description>
  <VPE_Farskip.label>장거리 도약</VPE_Farskip.label>
  <VPE_Farskip.description>시전자 본인과 근처의 동료들을 먼 지역으로 도약시킵니다. 행성 전체를 가로지를 수 있지만 아군이 이미 존재하는 곳만이 대상이 될 수 있습니다.</VPE_Farskip.description>
  <VPE_Bolt.label>번개 화살</VPE_Bolt.label>
  <VPE_Bolt.description>약한 전기 화살을 던져서 대상을 공격합니다. 적중 시 경미한 화상을 입히며 범위 EMP 피해를 줍니다.</VPE_Bolt.description>
  <VPE_ChainBolt.label>연쇄 번개</VPE_ChainBolt.label>
  <VPE_ChainBolt.description>살아있는 전기 화살을 대상에게 투사하여 주변에 있는 5명의 대상을 추가로 공격하여 작은 화상 피해와 EMP 피해를 줍니다.</VPE_ChainBolt.description>
  <VPE_Thunderbolt.label>벼락</VPE_Thunderbolt.label>
  <VPE_Thunderbolt.description>번개 화살을 소환하여 대상을 직접 공격합니다. 명중 시 화상을 입히며 더 넓은 범위에 EMP 피해를 줍니다.</VPE_Thunderbolt.description>
  <VPE_StaticAura.label>정전기 보호막</VPE_StaticAura.label>
  <VPE_StaticAura.description>대상 주위에 정전기로 이루어진 보호막을 생성하여 접근하는 모든 구조물과 생명체 및 기계들에 EMP 피해를 줍니다.</VPE_StaticAura.description>
  <VPE_Recharge.label>재충전</VPE_Recharge.label>
  <VPE_Recharge.description>선택한 축전지에 조심스럽게 전기를 입력하여 100kW 또는 100Wd/s에 해당되는 속도로 배터리를 충전합니다. 시전자의 정신 민감도에 따라 충전 시간이 달라집니다.</VPE_Recharge.description>
  <VPE_BallLightning.label>번개 구체</VPE_BallLightning.label>
  <VPE_BallLightning.description>전기를 응축시켜 구체 형태로 만든 후 지정된 위치로 이동시킵니다. 지정된 위치에 도달하면 주변에 있는 목표물에 방전하여 EMP를 발생시킵니다.</VPE_BallLightning.description>
  <VPE_StaticPulse.label>EMP 파동 방출</VPE_StaticPulse.label>
  <VPE_StaticPulse.description>시전자 주변 공간에 엄청난 양의 전압을 가진 전류를 뿜어내어 EMP 피해를 발생시킵니다.</VPE_StaticPulse.description>
  <VPE_Vortex.label>전자 폭풍</VPE_Vortex.label>
  <VPE_Vortex.description>성운 폭풍을 순간이동시켜 고전압 전류를 방출하는 거대한 소용돌이를 발생시킵니다. 움직임을 크게 방해하며 소용돌이의 중앙에 가까워 질 수록 효과가 강해집니다.</VPE_Vortex.description>
  <VPE_Hurricane.label>허리케인</VPE_Hurricane.label>
  <VPE_Hurricane.description>전기를 광범위하게 방출시켜 날씨를 허리케인급 바람을 동반한 폭우로 강제로 바꿉니다. 이 폭우는 시전자가 축적된 신경열을 관리할 수 있는 동안 지속되며 언제든 멈출 수 있습니다. 야외 활동을 하는 생명체들은 시력, 이동 및 조작에 매우 큰 제한을 겪게 됩니다.</VPE_Hurricane.description>
  <VPE_Flashstorm.label>섬광폭풍</VPE_Flashstorm.label>
  <VPE_Flashstorm.description>대상 지점의 대기압을 조정하여 국소 지역을 강타하는 섬광폭풍을 생성합니다. 폭풍은 소멸하기 전까지 번개로 지상을 강타합니다.</VPE_Flashstorm.description>
  <VPE_EnchantQuality.label>품질 개선</VPE_EnchantQuality.label>
  <VPE_EnchantQuality.description>물품에 초능력을 집중시켜 약간의 변형을 가해 품질을 높이려고 시도합니다. 장인의 손을 모방할 수는 없기에 완벽 품질 이상으로는 올릴 수 없습니다.</VPE_EnchantQuality.description>
  <VPE_Mend.label>수선</VPE_Mend.label>
  <VPE_Mend.description>물품에 초능력을 집중시켜 재료의 손상을 복구하려 시도합니다. 시전자의 정신 민감도에 따라 효과가 달라집니다.</VPE_Mend.description>
  <VPE_ConjureHeatPearls.label>신경열 진주</VPE_ConjureHeatPearls.label>
  <VPE_ConjureHeatPearls.description>시전자의 신경열을 진주로 변환시킵니다. 이 진주를 다른 초능력자에게 던져서 신경열을 발생시킬 수 있지만 일반인들에게는 무해합니다.</VPE_ConjureHeatPearls.description>
  <VPE_Haywire.label>해킹</VPE_Haywire.label>
  <VPE_Haywire.description>범위를 지정하여 해당 범위 내에 있는 전자 시스템의 피아 식별 장치를 재조정하여 시전자가 속한 세력을 동맹으로 식별시킵니다. 시전자의 정신 민감도에 따라 지속시간이 결정됩니다.</VPE_Haywire.description>
  <VPE_Power.label>힘</VPE_Power.label>
  <VPE_Power.description>지정된 장비의 전원 입력을 형이학적으로 변경하여 며칠동안 양자 거품의 변동에서 직접 에너지를 추출할 수 있게 만들어줍니다. 시전자의 정신 민감도에 따라 지속시간이 결정됩니다.</VPE_Power.description>
  <VPE_RockConstruct.label>암석 가공</VPE_RockConstruct.label>
  <VPE_RockConstruct.description>시전자의 신경열을 형이상학적 결정으로 변환하여 돌덩어리에 이식합니다. 이 암석 골렘은 간단한 집안일을 수행할 수 있으며 핵을 파괴하면 신경열을 회복할 수 있습니다.</VPE_RockConstruct.description>
  <VPE_SteelConstruct.label>강철 가공</VPE_SteelConstruct.label>
  <VPE_SteelConstruct.description>시전자의 신경열을 형이상학적인 결정으로 변환하여 고철 덩어리에 이식합니다. 이 강철 골렘은 시전자를 따라다니며 해를 입지 않도록 보호하며 핵을 파괴하면 신경열을 회복할 수 있습니다.</VPE_SteelConstruct.description>
  <VPE_CraftPsyRing.label>초능력 반지 가공</VPE_CraftPsyRing.label>
  <VPE_CraftPsyRing.description>엘텍스를 시전자의 초능력 지식이 담긴 반지 형태로 가공합니다. 다른 초능력자가 이 반지를 착용하는 동안 반지에 담긴 초능력을  사용할 수 있습니다.</VPE_CraftPsyRing.description>
  <VPE_WordofProgress.label>발전의 단어</VPE_WordofProgress.label>
  <VPE_WordofProgress.description>예리한 통찰력으로 대상의 마음을 과도하게 충전시켜 문제 해결 능력을 키워주는 조언을 합니다. 대상자는 약 5일동안 1.25배의 연구 속도와 2배의 학습 보너스를 갖게 되며 기간은 시전자의 정신 민감도에 따라 변화합니다.</VPE_WordofProgress.description>
  <VPE_ReverseEngineer.label>역설계</VPE_ReverseEngineer.label>
  <VPE_ReverseEngineer.description>물체에 정신을 집중하여 그 물체를 제조하는 방법을 찾아내기 위해 시도합니다. 길고 강렬한 집중이 끝난 후 시전자는 초능력 혼수상태에 빠집니다.</VPE_ReverseEngineer.description>
  <VPE_SpeedBoost.label>속도 향상</VPE_SpeedBoost.label>
  <VPE_SpeedBoost.description>시전자의 다리에 있는 근섬유, 인대 및 관절을 초능력으로 강화하여 정신 민감도에 비례하는 약 2분 동안 이동속도를 3배로 늘립니다.</VPE_SpeedBoost.description>
  <VPE_BladeFocus.label>격투 향상</VPE_BladeFocus.label>
  <VPE_BladeFocus.description>시전자의 팔에 있는 근섬유, 인대 및 관절을 초능력으로 강화하여 정신 민감도에 비례하는 약 2분 동안 근접 공격 속도를 2배로 늘립니다.</VPE_BladeFocus.description>
  <VPE_FiringFocus.label>사격 향상</VPE_FiringFocus.label>
  <VPE_FiringFocus.description>시전자의 손과 눈 및 반응속도를 초능력으로 강화하여 정신 민감도에 비례하는 약 2분 동안 원거리 공격 재사용 대기시간을 80% 감소시킵니다.</VPE_FiringFocus.description>
  <VPE_PowerLeap.label>강력한 점프</VPE_PowerLeap.label>
  <VPE_PowerLeap.description>시전자의 다리, 발, 척추를 대폭 강화하여 먼 거리를 부상 위험 없이 점프할 수 있습니다. 사용자의 정신 민감도이 비례해서 거리가 향상됩니다.</VPE_PowerLeap.description>
  <VPE_AdrenalineRush.label>아드레날린 촉진</VPE_AdrenalineRush.label>
  <VPE_AdrenalineRush.description>초능력으로 시전자의 아드레날린을 급증시켜 모든 고통을 차단하고 시각, 청각 및 움직임을 개선시킵니다. 사용자의 정신 감응력에 비례하는 약 30초의 시간 동안 지속됩니다.</VPE_AdrenalineRush.description>
  <VPE_ControlledFrenzy.label>통제 가능한 광란</VPE_ControlledFrenzy.label>
  <VPE_ControlledFrenzy.description>시전자의 기량과 살인 충동을 초능력으로 강화시켜 모든 무기의 공격력을 2배로 증폭시킵니다. 적을 죽일 때 마다 시전자의 신경열이 10만큼 감소하고 광란의 지속시간이 초기화됩니다.</VPE_ControlledFrenzy.description>
  <VPE_GuidedShot.label>유도 사격</VPE_GuidedShot.label>
  <VPE_GuidedShot.description>시전자가 발사하는 모든 총알의 경로를 변경시키는 초능력 오라를 8초간 투영하여 무기 범위를 2배로 늘리며 지속시간동안 명중을 보장합니다.</VPE_GuidedShot.description>
  <VPE_Beckon.label>현혹</VPE_Beckon.label>
  <VPE_Beckon.description>대상의 정신을 조종하여 시전자에게 다가오도록 합니다.</VPE_Beckon.description>
  <VPE_Killskip.label>살해 도약</VPE_Killskip.label>
  <VPE_Killskip.description>대상에게 접근하여 시전자의 근접 스킬에 영향을 받는 근접 공격을 실행합니다. 대상이 죽으면 그 다음으로 가까운 적에게 페널티 없이 바로 순간이동하며 죽일 대상이 없어질 때 까지 다시 반복합니다.</VPE_Killskip.description>
  <VPE_MassBeckon.label>대규모 현혹</VPE_MassBeckon.label>
  <VPE_MassBeckon.description>범위 내 대상자들에게 시전자에게 접근하도록 초능력으로 명령합니다.</VPE_MassBeckon.description>
  <VPE_BrambleMaze.label>가시덤불 미로</VPE_BrambleMaze.label>
  <VPE_BrambleMaze.description>비옥한 땅에 혼돈의 생명 에너지를 불어넣어 12시간 후에 시드는 가시나무 새싹을 싹틔웁니다.</VPE_BrambleMaze.description>
  <VPE_CropBurst.label>식물 폭발</VPE_CropBurst.label>
  <VPE_CropBurst.description>비옥한 땅에 생명 에너지를 불어넣어 시전자의 정신 민감도와 비례하는 시간 내에 자랄 수 있는 작물을 싹틔웁니다.</VPE_CropBurst.description>
  <VPE_WordofAnimals.label>진정의 단어</VPE_WordofAnimals.label>
  <VPE_WordofAnimals.description>사냥 중인 동물을 진정시키거나 길들이는 초능력 단어입니다.</VPE_WordofAnimals.description>
  <VPE_ManhunterPulse.label>동물 광란의 파동</VPE_ManhunterPulse.label>
  <VPE_ManhunterPulse.description>1분동안 지속되는 초능력 파동으로 넓은 지역에 있는 동물들을 분노하게 만듭니다. 상단의 동물들에게 사용하는 경우 선전포고로 간주됩니다.</VPE_ManhunterPulse.description>
  <VPE_TreeSprout.label>나무 성장</VPE_TreeSprout.label>
  <VPE_TreeSprout.description>넓고 비옥한 땅에 강력한 생명 에너지를 불어넣어 완전히 자란 참나무를 싹틔웁니다.</VPE_TreeSprout.description>
  <VPE_ShieldAnimals.label>동물 보호막</VPE_ShieldAnimals.label>
  <VPE_ShieldAnimals.description>범위 내에 있는 모든 정착지의 동물들에게 구형 보호막을 생성하여 모든 원거리 발사체를 먼 장소로 순간이동시킵니다. 사람과 물건들은 영향을 받지 않으며 지속시간은 시전자의 정신 감응력과 비례합니다.</VPE_ShieldAnimals.description>
  <VPE_AnimalAllies.label>동물의 보호</VPE_AnimalAllies.label>
  <VPE_AnimalAllies.description>넓은 지역에 있는 동물들에게 조화로운 생명력을 불어넣어 적대적인 침입자들을 공격하게 합니다.</VPE_AnimalAllies.description>
  <VPE_Shrineshield.label>성소 보호막</VPE_Shrineshield.label>
  <VPE_Shrineshield.description>모든 발사체를 먼 장소로 순간이동시키는 구형 보호막을 성소 주위에 두릅니다. 사람과 물건들은 영향을 받지 않으며 구체의 크기는 성소의 크기에 따라 달라집니다.</VPE_Shrineshield.description>
  <VPE_EssenceTransfer.label>정수 연결</VPE_EssenceTransfer.label>
  <VPE_EssenceTransfer.description>근처에 있는 다른 사람의 생명력의 일부를 정착지의 동물에게 주입하여 연결시키고 시전자를 초능력 혼수상태에 빠트립니다. 연결된 사람이 사망하게 되면 연결된 동물은 그 사람에게 다가가서 자신이 가지고 있던 정수를 반납하고 사망합니다. 연결된 동물이 먼저 사망하게 되면 효과가 사라지며 한번에 하나의 연결만 유지 가능합니다.</VPE_EssenceTransfer.description>
  <VPE_SummonPack.label>동물 지원</VPE_SummonPack.label>
  <VPE_SummonPack.description>생명력의 파동을 지역 바깥으로 방출하여 정착지 방어를 도와줄 수많은 동물들을 유도합니다. 모든 침략자가 쓰러지게 된다면 그들은 집으로 돌아가게 됩니다. 파동의 범위와 파동으로 인해 오는 동물들의 상대적인 강함도는 시전자의 정신 민감도에 영향을 받습니다. 길고 강렬한 집중이 끝난 후 시전자는 초능력 혼수상태에 빠집니다.</VPE_SummonPack.description>
</LanguageData>